CREATE TABLE IF NOT EXISTS Vehicle (
                    number VARCHAR(7) PRIMARY KEY,
                    model VARCHAR(20),
                    brand VARCHAR(20),
                    prodDate DATE);
CREATE TABLE IF NOT EXISTS ActivePlates (
                    number VARCHAR(7) PRIMARY KEY,
                    emissionDate DATE,
                    vehicleNumber VARCHAR(7),
                    FOREIGN KEY(vehicleNumber) REFERENCES Vehicle(number));
CREATE TABLE IF NOT EXISTS InactivePlates (
                    number VARCHAR(7) PRIMARY KEY,
                    emissionDate DATE,
                    vehicleNumber VARCHAR(7),
                    resDate DATE,
                    FOREIGN KEY(vehicleNumber) REFERENCES Vehicle(number));
CREATE TABLE IF NOT EXISTS Plates (
                    number VARCHAR(7) PRIMARY KEY,
                    emissionDate DATE,
                    vehicleNumber VARCHAR(7),
                    active BOOLEAN,
                    FOREIGN KEY(vehicleNumber) REFERENCES Vehicle(number));
CREATE TABLE IF NOT EXISTS Revisions (
                    id SERIAL PRIMARY KEY,
                    plateNumber VARCHAR(7),
                    revisionDate DATE,
                    outcome VARCHAR(10),
                    motivation TEXT,
                    FOREIGN KEY(plateNumber) REFERENCES Plates(number));
INSERT INTO Vehicle VALUES ('4355246', 'Coupe', 'Volkswagen', '2022-08-14');
INSERT INTO InactivePlates VALUES ('ZA642FM', '2022-11-16', '4355246', '2023-06-05');
INSERT INTO Plates VALUES ('ZA642FM', '2022-11-16', '4355246', FALSE);
INSERT INTO Revisions (plateNumber, revisionDate, outcome, motivation) VALUES ('ZA642FM', '2023-03-01', 'negative', 'Violazione delle normative ambientali');
INSERT INTO InactivePlates VALUES ('TA486XO', '2022-09-28', '4355246', '2022-11-02');
INSERT INTO Plates VALUES ('TA486XO', '2022-09-28', '4355246', FALSE);
INSERT INTO Revisions (plateNumber, revisionDate, outcome, motivation) VALUES ('TA486XO', '2022-10-30', 'positive', 'NULL');
INSERT INTO InactivePlates VALUES ('YI780FQ', '2022-08-25', '4355246', '2022-09-27');
INSERT INTO Plates VALUES ('YI780FQ', '2022-08-25', '4355246', FALSE);
INSERT INTO Revisions (plateNumber, revisionDate, outcome, motivation) VALUES ('YI780FQ', '2022-09-22', 'positive', 'NULL');
INSERT INTO Vehicle VALUES ('0525500', 'Convertible', 'Ford', '2022-10-03');
INSERT INTO ActivePlates VALUES ('XT627AN', '2023-01-04', '0525500');
INSERT INTO Plates VALUES ('XT627AN', '2023-01-04', '0525500', TRUE);
INSERT INTO Revisions (plateNumber, revisionDate, outcome, motivation) VALUES ('XT627AN', '2023-10-25', 'positive', 'NULL');
INSERT INTO InactivePlates VALUES ('XA568HL', '2022-12-01', '0525500', '2022-12-22');
INSERT INTO Plates VALUES ('XA568HL', '2022-12-01', '0525500', FALSE);
INSERT INTO InactivePlates VALUES ('JB439BD', '2022-10-30', '0525500', '2022-11-09');
INSERT INTO Plates VALUES ('JB439BD', '2022-10-30', '0525500', FALSE);
INSERT INTO Revisions (plateNumber, revisionDate, outcome, motivation) VALUES ('JB439BD', '2022-11-01', 'positive', 'NULL');
INSERT INTO Vehicle VALUES ('9192140', 'Convertible', 'Volkswagen', '2022-11-14');
INSERT INTO ActivePlates VALUES ('MC682KR', '2022-12-07', '9192140');
INSERT INTO Plates VALUES ('MC682KR', '2022-12-07', '9192140', TRUE);
INSERT INTO Revisions (plateNumber, revisionDate, outcome, motivation) VALUES ('MC682KR', '2024-02-11', 'negative', 'Falsificazione o contraffazione di documenti');
INSERT INTO Vehicle VALUES ('3382938', 'Coupe', 'Ferrari', '2022-12-21');
INSERT INTO InactivePlates VALUES ('YJ553YR', '2023-01-14', '3382938', '2024-02-16');
INSERT INTO Plates VALUES ('YJ553YR', '2023-01-14', '3382938', FALSE);
INSERT INTO Revisions (plateNumber, revisionDate, outcome, motivation) VALUES ('YJ553YR', '2024-01-17', 'positive', 'NULL');
INSERT INTO Vehicle VALUES ('1928652', 'Crossover', 'Audi', '2023-02-23');
INSERT INTO ActivePlates VALUES ('PE344LS', '2023-06-15', '1928652');
INSERT INTO Plates VALUES ('PE344LS', '2023-06-15', '1928652', TRUE);
INSERT INTO InactivePlates VALUES ('OJ973HP', '2023-05-07', '1928652', '2023-05-31');
INSERT INTO Plates VALUES ('OJ973HP', '2023-05-07', '1928652', FALSE);
INSERT INTO Revisions (plateNumber, revisionDate, outcome, motivation) VALUES ('OJ973HP', '2023-05-29', 'negative', 'Veicolo coinvolto in incidente');
INSERT INTO InactivePlates VALUES ('SO511DY', '2023-03-20', '1928652', '2023-04-09');
INSERT INTO Plates VALUES ('SO511DY', '2023-03-20', '1928652', FALSE);
INSERT INTO Vehicle VALUES ('9766250', 'Sedan', 'Jeep', '2023-03-04');
INSERT INTO ActivePlates VALUES ('LY983QK', '2023-06-18', '9766250');
INSERT INTO Plates VALUES ('LY983QK', '2023-06-18', '9766250', TRUE);
INSERT INTO InactivePlates VALUES ('DZ717GK', '2023-05-04', '9766250', '2023-05-30');
INSERT INTO Plates VALUES ('DZ717GK', '2023-05-04', '9766250', FALSE);
INSERT INTO Revisions (plateNumber, revisionDate, outcome, motivation) VALUES ('DZ717GK', '2023-05-23', 'positive', 'NULL');
INSERT INTO InactivePlates VALUES ('YP513KN', '2023-03-20', '9766250', '2023-04-21');
INSERT INTO Plates VALUES ('YP513KN', '2023-03-20', '9766250', FALSE);
INSERT INTO Vehicle VALUES ('1428351', 'Hatchback', 'Jeep', '2023-04-02');
INSERT INTO ActivePlates VALUES ('YS300ZI', '2023-05-31', '1428351');
INSERT INTO Plates VALUES ('YS300ZI', '2023-05-31', '1428351', TRUE);
INSERT INTO InactivePlates VALUES ('QN236MO', '2023-04-19', '1428351', '2023-05-15');
INSERT INTO Plates VALUES ('QN236MO', '2023-04-19', '1428351', FALSE);
INSERT INTO Vehicle VALUES ('2235004', 'SUV', 'Nissan', '2022-09-02');
INSERT INTO InactivePlates VALUES ('AI854IE', '2022-11-12', '2235004', '2023-02-22');
INSERT INTO Plates VALUES ('AI854IE', '2022-11-12', '2235004', FALSE);
INSERT INTO Revisions (plateNumber, revisionDate, outcome, motivation) VALUES ('AI854IE', '2022-12-06', 'positive', 'NULL');
INSERT INTO InactivePlates VALUES ('SD186VY', '2022-09-26', '2235004', '2022-10-19');
INSERT INTO Plates VALUES ('SD186VY', '2022-09-26', '2235004', FALSE);
INSERT INTO Revisions (plateNumber, revisionDate, outcome, motivation) VALUES ('SD186VY', '2022-10-15', 'negative', 'Non conformità alle normative');
INSERT INTO Vehicle VALUES ('9291822', 'Sedan', 'Mazda', '2022-12-27');
INSERT INTO InactivePlates VALUES ('GL373PP', '2023-02-27', '9291822', '2023-07-13');
INSERT INTO Plates VALUES ('GL373PP', '2023-02-27', '9291822', FALSE);
INSERT INTO Revisions (plateNumber, revisionDate, outcome, motivation) VALUES ('GL373PP', '2023-07-03', 'positive', 'NULL');
INSERT INTO InactivePlates VALUES ('YD163TM', '2023-01-19', '9291822', '2023-01-24');
INSERT INTO Plates VALUES ('YD163TM', '2023-01-19', '9291822', FALSE);
INSERT INTO Revisions (plateNumber, revisionDate, outcome, motivation) VALUES ('YD163TM', '2023-01-20', 'negative', 'Mancato pagamento di multe o tasse');
INSERT INTO Vehicle VALUES ('3596073', 'Sports Car', 'BMW', '2023-01-16');
INSERT INTO InactivePlates VALUES ('DJ008NQ', '2023-01-30', '3596073', '2023-03-21');
INSERT INTO Plates VALUES ('DJ008NQ', '2023-01-30', '3596073', FALSE);
INSERT INTO Revisions (plateNumber, revisionDate, outcome, motivation) VALUES ('DJ008NQ', '2023-02-20', 'positive', 'NULL');
INSERT INTO Vehicle VALUES ('5491419', 'Convertible', 'Ford', '2023-05-09');
INSERT INTO InactivePlates VALUES ('EN459LT', '2023-05-19', '5491419', '2024-05-30');
INSERT INTO Plates VALUES ('EN459LT', '2023-05-19', '5491419', FALSE);
INSERT INTO Revisions (plateNumber, revisionDate, outcome, motivation) VALUES ('EN459LT', '2024-05-20', 'negative', 'Registrazione scaduta');
INSERT INTO Vehicle VALUES ('4149142', 'Hatchback', 'Honda', '2023-06-10');
INSERT INTO ActivePlates VALUES ('CM219ZM', '2023-06-26', '4149142');
INSERT INTO Plates VALUES ('CM219ZM', '2023-06-26', '4149142', TRUE);
INSERT INTO Vehicle VALUES ('8858017', 'Crossover', 'Lexus', '2022-12-15');
INSERT INTO InactivePlates VALUES ('AA092MC', '2023-03-09', '8858017', '2023-09-19');
INSERT INTO Plates VALUES ('AA092MC', '2023-03-09', '8858017', FALSE);
INSERT INTO Revisions (plateNumber, revisionDate, outcome, motivation) VALUES ('AA092MC', '2023-03-14', 'negative', 'Violazione delle leggi sul traffico');
INSERT INTO InactivePlates VALUES ('MR030SV', '2023-02-06', '8858017', '2023-02-20');
INSERT INTO Plates VALUES ('MR030SV', '2023-02-06', '8858017', FALSE);
INSERT INTO Revisions (plateNumber, revisionDate, outcome, motivation) VALUES ('MR030SV', '2023-02-19', 'positive', 'NULL');
INSERT INTO InactivePlates VALUES ('OD750GJ', '2023-01-07', '8858017', '2023-01-23');
INSERT INTO Plates VALUES ('OD750GJ', '2023-01-07', '8858017', FALSE);
INSERT INTO Revisions (plateNumber, revisionDate, outcome, motivation) VALUES ('OD750GJ', '2023-01-22', 'negative', 'Registrazione scaduta');
INSERT INTO Vehicle VALUES ('4795189', 'Sedan', 'Audi', '2022-09-20');
INSERT INTO ActivePlates VALUES ('GR351PT', '2022-12-21', '4795189');
INSERT INTO Plates VALUES ('GR351PT', '2022-12-21', '4795189', TRUE);
INSERT INTO Revisions (plateNumber, revisionDate, outcome, motivation) VALUES ('GR351PT', '2024-03-18', 'negative', 'Modifiche improprie apportate al veicolo');
INSERT INTO Revisions (plateNumber, revisionDate, outcome, motivation) VALUES ('GR351PT', '2024-06-02', 'positive', 'NULL');
INSERT INTO Revisions (plateNumber, revisionDate, outcome, motivation) VALUES ('GR351PT', '2023-11-29', 'negative', 'Mancato pagamento di multe o tasse');
INSERT INTO InactivePlates VALUES ('XP635JS', '2022-11-12', '4795189', '2022-12-17');
INSERT INTO Plates VALUES ('XP635JS', '2022-11-12', '4795189', FALSE);
INSERT INTO InactivePlates VALUES ('TY621BB', '2022-09-30', '4795189', '2022-11-11');
INSERT INTO Plates VALUES ('TY621BB', '2022-09-30', '4795189', FALSE);
INSERT INTO Revisions (plateNumber, revisionDate, outcome, motivation) VALUES ('TY621BB', '2022-11-05', 'positive', 'NULL');
INSERT INTO Vehicle VALUES ('4442588', 'Sports Car', 'Mercedes-Benz', '2023-06-02');
INSERT INTO ActivePlates VALUES ('TK806IY', '2023-09-16', '4442588');
INSERT INTO Plates VALUES ('TK806IY', '2023-09-16', '4442588', TRUE);
INSERT INTO Revisions (plateNumber, revisionDate, outcome, motivation) VALUES ('TK806IY', '2024-05-03', 'positive', 'NULL');
INSERT INTO InactivePlates VALUES ('UE718PU', '2023-08-01', '4442588', '2023-08-31');
INSERT INTO Plates VALUES ('UE718PU', '2023-08-01', '4442588', FALSE);
INSERT INTO Revisions (plateNumber, revisionDate, outcome, motivation) VALUES ('UE718PU', '2023-08-27', 'positive', 'NULL');
INSERT INTO Revisions (plateNumber, revisionDate, outcome, motivation) VALUES ('UE718PU', '2023-08-11', 'negative', 'Targa persa o rubata');
INSERT INTO InactivePlates VALUES ('LQ258MY', '2023-07-02', '4442588', '2023-07-26');
INSERT INTO Plates VALUES ('LQ258MY', '2023-07-02', '4442588', FALSE);
INSERT INTO Revisions (plateNumber, revisionDate, outcome, motivation) VALUES ('LQ258MY', '2023-07-24', 'positive', 'NULL');
INSERT INTO Vehicle VALUES ('7892887', 'Truck', 'Jaguar', '2022-09-27');
INSERT INTO Vehicle VALUES ('3257328', 'Crossover', 'Volkswagen', '2023-02-13');
INSERT INTO ActivePlates VALUES ('DK419UT', '2023-04-13', '3257328');
INSERT INTO Plates VALUES ('DK419UT', '2023-04-13', '3257328', TRUE);
INSERT INTO InactivePlates VALUES ('AT057XF', '2023-03-07', '3257328', '2023-04-12');
INSERT INTO Plates VALUES ('AT057XF', '2023-03-07', '3257328', FALSE);
INSERT INTO Vehicle VALUES ('1000272', 'Sedan', 'Audi', '2022-08-24');
INSERT INTO InactivePlates VALUES ('VS828UH', '2022-09-15', '1000272', '2023-04-06');
INSERT INTO Plates VALUES ('VS828UH', '2022-09-15', '1000272', FALSE);
INSERT INTO Revisions (plateNumber, revisionDate, outcome, motivation) VALUES ('VS828UH', '2023-02-25', 'negative', 'Targa associata ad attività criminali');
INSERT INTO Vehicle VALUES ('4749946', 'Truck', 'Volkswagen', '2022-10-31');
INSERT INTO Vehicle VALUES ('0336288', 'Crossover', 'Jeep', '2023-06-24');
INSERT INTO Vehicle VALUES ('1158505', 'Hatchback', 'Jaguar', '2022-10-31');
INSERT INTO InactivePlates VALUES ('LX341MF', '2023-01-02', '1158505', '2023-04-25');
INSERT INTO Plates VALUES ('LX341MF', '2023-01-02', '1158505', FALSE);
INSERT INTO Revisions (plateNumber, revisionDate, outcome, motivation) VALUES ('LX341MF', '2023-01-23', 'positive', 'NULL');
INSERT INTO InactivePlates VALUES ('TT319NW', '2022-11-21', '1158505', '2022-12-02');
INSERT INTO Plates VALUES ('TT319NW', '2022-11-21', '1158505', FALSE);
INSERT INTO Revisions (plateNumber, revisionDate, outcome, motivation) VALUES ('TT319NW', '2022-11-28', 'positive', 'NULL');
INSERT INTO Vehicle VALUES ('7304812', 'Crossover', 'Volkswagen', '2023-06-20');
INSERT INTO ActivePlates VALUES ('TU870SR', '2023-07-14', '7304812');
INSERT INTO Plates VALUES ('TU870SR', '2023-07-14', '7304812', TRUE);
INSERT INTO Revisions (plateNumber, revisionDate, outcome, motivation) VALUES ('TU870SR', '2023-11-06', 'negative', 'Violazione delle leggi sul traffico');
INSERT INTO Vehicle VALUES ('2612872', 'Crossover', 'Subaru', '2023-05-07');
INSERT INTO InactivePlates VALUES ('LL656EU', '2023-05-17', '2612872', '2024-02-28');
INSERT INTO Plates VALUES ('LL656EU', '2023-05-17', '2612872', FALSE);
INSERT INTO Revisions (plateNumber, revisionDate, outcome, motivation) VALUES ('LL656EU', '2023-12-18', 'positive', 'NULL');
INSERT INTO Vehicle VALUES ('1340327', 'Hatchback', 'Ferrari', '2023-02-09');
INSERT INTO ActivePlates VALUES ('ZS216DM', '2023-02-24', '1340327');
INSERT INTO Plates VALUES ('ZS216DM', '2023-02-24', '1340327', TRUE);
INSERT INTO Vehicle VALUES ('1184106', 'Crossover', 'Lexus', '2022-12-09');
INSERT INTO ActivePlates VALUES ('HQ901CD', '2023-03-25', '1184106');
INSERT INTO Plates VALUES ('HQ901CD', '2023-03-25', '1184106', TRUE);
INSERT INTO InactivePlates VALUES ('JC144ZS', '2023-02-05', '1184106', '2023-03-04');
INSERT INTO Plates VALUES ('JC144ZS', '2023-02-05', '1184106', FALSE);
INSERT INTO Revisions (plateNumber, revisionDate, outcome, motivation) VALUES ('JC144ZS', '2023-02-19', 'positive', 'NULL');
INSERT INTO InactivePlates VALUES ('KD721AQ', '2022-12-29', '1184106', '2023-01-08');
INSERT INTO Plates VALUES ('KD721AQ', '2022-12-29', '1184106', FALSE);
INSERT INTO Revisions (plateNumber, revisionDate, outcome, motivation) VALUES ('KD721AQ', '2023-01-02', 'positive', 'NULL');
INSERT INTO Vehicle VALUES ('7870612', 'Convertible', 'Kia', '2022-08-23');
INSERT INTO InactivePlates VALUES ('HH262MN', '2022-12-02', '7870612', '2024-05-03');
INSERT INTO Plates VALUES ('HH262MN', '2022-12-02', '7870612', FALSE);
INSERT INTO Revisions (plateNumber, revisionDate, outcome, motivation) VALUES ('HH262MN', '2024-01-15', 'positive', 'NULL');
INSERT INTO InactivePlates VALUES ('HM461PN', '2022-10-13', '7870612', '2022-10-18');
INSERT INTO Plates VALUES ('HM461PN', '2022-10-13', '7870612', FALSE);
INSERT INTO Revisions (plateNumber, revisionDate, outcome, motivation) VALUES ('HM461PN', '2022-10-14', 'positive', 'NULL');
INSERT INTO InactivePlates VALUES ('MD730FF', '2022-09-02', '7870612', '2022-09-09');
INSERT INTO Plates VALUES ('MD730FF', '2022-09-02', '7870612', FALSE);
INSERT INTO Revisions (plateNumber, revisionDate, outcome, motivation) VALUES ('MD730FF', '2022-09-07', 'negative', 'Targa persa o rubata');
INSERT INTO Vehicle VALUES ('6931508', 'Truck', 'Hyundai', '2022-10-19');
INSERT INTO Vehicle VALUES ('7073177', 'Convertible', 'Lexus', '2022-10-16');
INSERT INTO ActivePlates VALUES ('TI707OT', '2023-02-06', '7073177');
INSERT INTO Plates VALUES ('TI707OT', '2023-02-06', '7073177', TRUE);
INSERT INTO InactivePlates VALUES ('PA834QK', '2022-12-23', '7073177', '2023-01-17');
INSERT INTO Plates VALUES ('PA834QK', '2022-12-23', '7073177', FALSE);
INSERT INTO Revisions (plateNumber, revisionDate, outcome, motivation) VALUES ('PA834QK', '2023-01-07', 'negative', 'Veicolo non superato il test delle emissioni');
INSERT INTO Revisions (plateNumber, revisionDate, outcome, motivation) VALUES ('PA834QK', '2022-12-24', 'negative', 'Registrazione fraudolenta');
INSERT INTO Revisions (plateNumber, revisionDate, outcome, motivation) VALUES ('PA834QK', '2022-12-29', 'positive', 'NULL');
INSERT INTO InactivePlates VALUES ('JX194LE', '2022-11-10', '7073177', '2022-11-16');
INSERT INTO Plates VALUES ('JX194LE', '2022-11-10', '7073177', FALSE);
INSERT INTO Revisions (plateNumber, revisionDate, outcome, motivation) VALUES ('JX194LE', '2022-11-14', 'positive', 'NULL');
INSERT INTO Vehicle VALUES ('2437970', 'SUV', 'Ford', '2023-07-01');
INSERT INTO ActivePlates VALUES ('SQ445CF', '2023-08-26', '2437970');
INSERT INTO Plates VALUES ('SQ445CF', '2023-08-26', '2437970', TRUE);
INSERT INTO Revisions (plateNumber, revisionDate, outcome, motivation) VALUES ('SQ445CF', '2024-03-04', 'negative', 'Veicolo coinvolto in incidente');
INSERT INTO Revisions (plateNumber, revisionDate, outcome, motivation) VALUES ('SQ445CF', '2023-11-26', 'negative', 'Registrazione scaduta');
INSERT INTO InactivePlates VALUES ('BA238KE', '2023-07-15', '2437970', '2023-07-27');
INSERT INTO Plates VALUES ('BA238KE', '2023-07-15', '2437970', FALSE);
INSERT INTO Revisions (plateNumber, revisionDate, outcome, motivation) VALUES ('BA238KE', '2023-07-24', 'negative', 'Modifiche improprie apportate al veicolo');
INSERT INTO Vehicle VALUES ('5033112', 'Coupe', 'Honda', '2023-04-15');
INSERT INTO InactivePlates VALUES ('CI060JJ', '2023-08-04', '5033112', '2024-01-30');
INSERT INTO Plates VALUES ('CI060JJ', '2023-08-04', '5033112', FALSE);
INSERT INTO Revisions (plateNumber, revisionDate, outcome, motivation) VALUES ('CI060JJ', '2023-10-05', 'negative', 'Targa danneggiata o manomessa');
INSERT INTO InactivePlates VALUES ('SY795VG', '2023-06-15', '5033112', '2023-06-29');
INSERT INTO Plates VALUES ('SY795VG', '2023-06-15', '5033112', FALSE);
INSERT INTO Revisions (plateNumber, revisionDate, outcome, motivation) VALUES ('SY795VG', '2023-06-19', 'positive', 'NULL');
INSERT INTO InactivePlates VALUES ('FF645NL', '2023-04-28', '5033112', '2023-06-08');
INSERT INTO Plates VALUES ('FF645NL', '2023-04-28', '5033112', FALSE);
INSERT INTO Revisions (plateNumber, revisionDate, outcome, motivation) VALUES ('FF645NL', '2023-05-15', 'positive', 'NULL');
INSERT INTO Vehicle VALUES ('5002499', 'Sedan', 'Honda', '2022-12-28');
INSERT INTO Vehicle VALUES ('9990254', 'Hatchback', 'Jeep', '2023-02-16');
INSERT INTO Vehicle VALUES ('5771585', 'Coupe', 'Hyundai', '2022-12-05');
INSERT INTO ActivePlates VALUES ('KO282CR', '2022-12-20', '5771585');
INSERT INTO Plates VALUES ('KO282CR', '2022-12-20', '5771585', TRUE);
INSERT INTO Revisions (plateNumber, revisionDate, outcome, motivation) VALUES ('KO282CR', '2023-11-19', 'positive', 'NULL');
INSERT INTO Vehicle VALUES ('1038639', 'Sports Car', 'Subaru', '2023-07-02');
INSERT INTO ActivePlates VALUES ('HH873OF', '2023-09-10', '1038639');
INSERT INTO Plates VALUES ('HH873OF', '2023-09-10', '1038639', TRUE);
INSERT INTO Revisions (plateNumber, revisionDate, outcome, motivation) VALUES ('HH873OF', '2023-10-23', 'negative', 'Mancato pagamento di imposte');
INSERT INTO Revisions (plateNumber, revisionDate, outcome, motivation) VALUES ('HH873OF', '2024-01-13', 'negative', 'Violazione delle normative ambientali');
INSERT INTO InactivePlates VALUES ('JK005OM', '2023-07-29', '1038639', '2023-08-09');
INSERT INTO Plates VALUES ('JK005OM', '2023-07-29', '1038639', FALSE);
INSERT INTO Revisions (plateNumber, revisionDate, outcome, motivation) VALUES ('JK005OM', '2023-08-06', 'positive', 'NULL');
INSERT INTO Vehicle VALUES ('4508211', 'Coupe', 'Nissan', '2023-02-18');
INSERT INTO ActivePlates VALUES ('ZX378SU', '2023-04-13', '4508211');
INSERT INTO Plates VALUES ('ZX378SU', '2023-04-13', '4508211', TRUE);
INSERT INTO InactivePlates VALUES ('DB621ZM', '2023-03-04', '4508211', '2023-03-22');
INSERT INTO Plates VALUES ('DB621ZM', '2023-03-04', '4508211', FALSE);
INSERT INTO Revisions (plateNumber, revisionDate, outcome, motivation) VALUES ('DB621ZM', '2023-03-05', 'positive', 'NULL');
INSERT INTO Revisions (plateNumber, revisionDate, outcome, motivation) VALUES ('DB621ZM', '2023-03-12', 'negative', 'Veicolo non superato il test delle emissioni');
INSERT INTO Vehicle VALUES ('1748063', 'Sports Car', 'Hyundai', '2023-05-03');
INSERT INTO ActivePlates VALUES ('ZL033GH', '2023-08-08', '1748063');
INSERT INTO Plates VALUES ('ZL033GH', '2023-08-08', '1748063', TRUE);
INSERT INTO Revisions (plateNumber, revisionDate, outcome, motivation) VALUES ('ZL033GH', '2024-05-18', 'negative', 'Targa danneggiata o manomessa');
INSERT INTO InactivePlates VALUES ('VJ248QV', '2023-07-02', '1748063', '2023-08-03');
INSERT INTO Plates VALUES ('VJ248QV', '2023-07-02', '1748063', FALSE);
INSERT INTO Revisions (plateNumber, revisionDate, outcome, motivation) VALUES ('VJ248QV', '2023-07-23', 'negative', 'Registrazione fraudolenta');
INSERT INTO InactivePlates VALUES ('TT646RN', '2023-05-20', '1748063', '2023-06-19');
INSERT INTO Plates VALUES ('TT646RN', '2023-05-20', '1748063', FALSE);
INSERT INTO Vehicle VALUES ('1178849', 'SUV', 'Ford', '2023-02-26');
INSERT INTO InactivePlates VALUES ('EV020UJ', '2023-03-14', '1178849', '2023-12-05');
INSERT INTO Plates VALUES ('EV020UJ', '2023-03-14', '1178849', FALSE);
INSERT INTO Revisions (plateNumber, revisionDate, outcome, motivation) VALUES ('EV020UJ', '2023-09-18', 'positive', 'NULL');
INSERT INTO Vehicle VALUES ('9666367', 'Crossover', 'Jaguar', '2023-07-11');
INSERT INTO ActivePlates VALUES ('FV066ZO', '2023-07-27', '9666367');
INSERT INTO Plates VALUES ('FV066ZO', '2023-07-27', '9666367', TRUE);
INSERT INTO Revisions (plateNumber, revisionDate, outcome, motivation) VALUES ('FV066ZO', '2023-11-07', 'negative', 'Targa associata ad attività criminali');
INSERT INTO Vehicle VALUES ('4428468', 'Convertible', 'Honda', '2022-11-12');
INSERT INTO ActivePlates VALUES ('WF662UA', '2022-12-10', '4428468');
INSERT INTO Plates VALUES ('WF662UA', '2022-12-10', '4428468', TRUE);
INSERT INTO Revisions (plateNumber, revisionDate, outcome, motivation) VALUES ('WF662UA', '2023-10-15', 'positive', 'NULL');
INSERT INTO Revisions (plateNumber, revisionDate, outcome, motivation) VALUES ('WF662UA', '2024-06-30', 'positive', 'NULL');
INSERT INTO Vehicle VALUES ('3624305', 'Minivan', 'Mazda', '2023-03-12');
INSERT INTO ActivePlates VALUES ('EP338VL', '2023-05-17', '3624305');
INSERT INTO Plates VALUES ('EP338VL', '2023-05-17', '3624305', TRUE);
INSERT INTO InactivePlates VALUES ('JH832UE', '2023-03-28', '3624305', '2023-05-14');
INSERT INTO Plates VALUES ('JH832UE', '2023-03-28', '3624305', FALSE);
INSERT INTO Vehicle VALUES ('6192097', 'Sports Car', 'Ferrari', '2023-03-08');
INSERT INTO ActivePlates VALUES ('OB538UI', '2023-05-20', '6192097');
INSERT INTO Plates VALUES ('OB538UI', '2023-05-20', '6192097', TRUE);
INSERT INTO Revisions (plateNumber, revisionDate, outcome, motivation) VALUES ('OB538UI', '2024-07-16', 'negative', 'Non conformità alle normative');
INSERT INTO Revisions (plateNumber, revisionDate, outcome, motivation) VALUES ('OB538UI', '2023-09-10', 'positive', 'NULL');
INSERT INTO Revisions (plateNumber, revisionDate, outcome, motivation) VALUES ('OB538UI', '2024-01-27', 'negative', 'Mancato pagamento di multe o tasse');
INSERT INTO InactivePlates VALUES ('LW390RJ', '2023-04-01', '6192097', '2023-04-23');
INSERT INTO Plates VALUES ('LW390RJ', '2023-04-01', '6192097', FALSE);
INSERT INTO Revisions (plateNumber, revisionDate, outcome, motivation) VALUES ('LW390RJ', '2023-04-04', 'negative', 'Documentazione errata presentata');
INSERT INTO Revisions (plateNumber, revisionDate, outcome, motivation) VALUES ('LW390RJ', '2023-04-18', 'positive', 'NULL');
INSERT INTO Vehicle VALUES ('8347892', 'Truck', 'BMW', '2022-12-08');
INSERT INTO ActivePlates VALUES ('WR609PO', '2023-02-17', '8347892');
INSERT INTO Plates VALUES ('WR609PO', '2023-02-17', '8347892', TRUE);
INSERT INTO InactivePlates VALUES ('HY499FG', '2023-01-05', '8347892', '2023-02-02');
INSERT INTO Plates VALUES ('HY499FG', '2023-01-05', '8347892', FALSE);
INSERT INTO Revisions (plateNumber, revisionDate, outcome, motivation) VALUES ('HY499FG', '2023-01-27', 'negative', 'Targa persa o rubata');
INSERT INTO Revisions (plateNumber, revisionDate, outcome, motivation) VALUES ('HY499FG', '2023-01-10', 'positive', 'NULL');
INSERT INTO Vehicle VALUES ('7889892', 'Sedan', 'Volkswagen', '2022-10-01');
INSERT INTO Vehicle VALUES ('5933837', 'Convertible', 'Tesla', '2022-12-25');
INSERT INTO InactivePlates VALUES ('BQ078CC', '2023-02-11', '5933837', '2023-12-12');
INSERT INTO Plates VALUES ('BQ078CC', '2023-02-11', '5933837', FALSE);
INSERT INTO Revisions (plateNumber, revisionDate, outcome, motivation) VALUES ('BQ078CC', '2023-07-23', 'positive', 'NULL');
INSERT INTO InactivePlates VALUES ('ZN455AA', '2023-01-05', '5933837', '2023-02-05');
INSERT INTO Plates VALUES ('ZN455AA', '2023-01-05', '5933837', FALSE);
INSERT INTO Revisions (plateNumber, revisionDate, outcome, motivation) VALUES ('ZN455AA', '2023-01-11', 'negative', 'Targa associata ad attività criminali');
INSERT INTO Vehicle VALUES ('9478346', 'Minivan', 'Volkswagen', '2023-02-14');
INSERT INTO ActivePlates VALUES ('ER973PJ', '2023-03-10', '9478346');
INSERT INTO Plates VALUES ('ER973PJ', '2023-03-10', '9478346', TRUE);
INSERT INTO Revisions (plateNumber, revisionDate, outcome, motivation) VALUES ('ER973PJ', '2023-11-20', 'positive', 'NULL');
INSERT INTO Vehicle VALUES ('8917722', 'Coupe', 'Kia', '2022-10-01');
INSERT INTO InactivePlates VALUES ('GL904WT', '2022-12-07', '8917722', '2023-12-28');
INSERT INTO Plates VALUES ('GL904WT', '2022-12-07', '8917722', FALSE);
INSERT INTO Revisions (plateNumber, revisionDate, outcome, motivation) VALUES ('GL904WT', '2022-12-13', 'negative', 'Violazione delle normative ambientali');
INSERT INTO InactivePlates VALUES ('RB330KI', '2022-10-31', '8917722', '2022-12-03');
INSERT INTO Plates VALUES ('RB330KI', '2022-10-31', '8917722', FALSE);
INSERT INTO Revisions (plateNumber, revisionDate, outcome, motivation) VALUES ('RB330KI', '2022-11-02', 'negative', 'Mancato pagamento di imposte');
INSERT INTO Vehicle VALUES ('5627150', 'Sports Car', 'Honda', '2023-04-18');
INSERT INTO InactivePlates VALUES ('VJ931AP', '2023-06-24', '5627150', '2023-08-06');
INSERT INTO Plates VALUES ('VJ931AP', '2023-06-24', '5627150', FALSE);
INSERT INTO Revisions (plateNumber, revisionDate, outcome, motivation) VALUES ('VJ931AP', '2023-07-07', 'negative', 'Targa persa o rubata');
INSERT INTO InactivePlates VALUES ('IE409OU', '2023-05-17', '5627150', '2023-06-12');
INSERT INTO Plates VALUES ('IE409OU', '2023-05-17', '5627150', FALSE);
INSERT INTO Revisions (plateNumber, revisionDate, outcome, motivation) VALUES ('IE409OU', '2023-06-03', 'negative', 'Veicolo segnalato come rubato');
INSERT INTO Vehicle VALUES ('2109230', 'Minivan', 'Honda', '2023-04-13');
INSERT INTO Vehicle VALUES ('1399940', 'Hatchback', 'Porsche', '2022-10-21');
INSERT INTO InactivePlates VALUES ('QX084NV', '2023-01-19', '1399940', '2024-04-06');
INSERT INTO Plates VALUES ('QX084NV', '2023-01-19', '1399940', FALSE);
INSERT INTO Revisions (plateNumber, revisionDate, outcome, motivation) VALUES ('QX084NV', '2024-01-17', 'positive', 'NULL');
INSERT INTO InactivePlates VALUES ('PN981JM', '2022-12-19', '1399940', '2022-12-28');
INSERT INTO Plates VALUES ('PN981JM', '2022-12-19', '1399940', FALSE);
INSERT INTO Revisions (plateNumber, revisionDate, outcome, motivation) VALUES ('PN981JM', '2022-12-23', 'positive', 'NULL');
INSERT INTO InactivePlates VALUES ('YX649NC', '2022-11-18', '1399940', '2022-12-12');
INSERT INTO Plates VALUES ('YX649NC', '2022-11-18', '1399940', FALSE);
INSERT INTO Revisions (plateNumber, revisionDate, outcome, motivation) VALUES ('YX649NC', '2022-12-04', 'negative', 'Modifiche improprie apportate al veicolo');
INSERT INTO Vehicle VALUES ('7525798', 'Minivan', 'Mazda', '2023-06-22');
INSERT INTO Vehicle VALUES ('9635881', 'Hatchback', 'Jaguar', '2022-12-20');
INSERT INTO ActivePlates VALUES ('PI956FF', '2023-01-13', '9635881');
INSERT INTO Plates VALUES ('PI956FF', '2023-01-13', '9635881', TRUE);
INSERT INTO Revisions (plateNumber, revisionDate, outcome, motivation) VALUES ('PI956FF', '2023-05-23', 'negative', 'Scoperte problematiche di sicurezza');
INSERT INTO Revisions (plateNumber, revisionDate, outcome, motivation) VALUES ('PI956FF', '2023-03-21', 'negative', 'Modifiche illegali apportate al veicolo');
INSERT INTO Vehicle VALUES ('0802931', 'Convertible', 'Ferrari', '2022-10-30');
INSERT INTO ActivePlates VALUES ('MH941VS', '2022-11-17', '0802931');
INSERT INTO Plates VALUES ('MH941VS', '2022-11-17', '0802931', TRUE);
INSERT INTO Revisions (plateNumber, revisionDate, outcome, motivation) VALUES ('MH941VS', '2023-12-29', 'negative', 'Documentazione errata presentata');
INSERT INTO Revisions (plateNumber, revisionDate, outcome, motivation) VALUES ('MH941VS', '2023-05-25', 'negative', 'Mancato pagamento di multe o tasse');
INSERT INTO Vehicle VALUES ('5426021', 'Coupe', 'Lexus', '2022-08-18');
INSERT INTO ActivePlates VALUES ('XH826GY', '2022-10-18', '5426021');
INSERT INTO Plates VALUES ('XH826GY', '2022-10-18', '5426021', TRUE);
INSERT INTO Revisions (plateNumber, revisionDate, outcome, motivation) VALUES ('XH826GY', '2024-03-13', 'negative', 'Veicolo coinvolto in incidente');
INSERT INTO InactivePlates VALUES ('GA312XC', '2022-09-16', '5426021', '2022-09-30');
INSERT INTO Plates VALUES ('GA312XC', '2022-09-16', '5426021', FALSE);
INSERT INTO Revisions (plateNumber, revisionDate, outcome, motivation) VALUES ('GA312XC', '2022-09-20', 'positive', 'NULL');
INSERT INTO Revisions (plateNumber, revisionDate, outcome, motivation) VALUES ('GA312XC', '2022-09-17', 'positive', 'NULL');
INSERT INTO Vehicle VALUES ('6409711', 'Crossover', 'Mazda', '2022-11-27');
INSERT INTO ActivePlates VALUES ('UZ208GS', '2023-01-12', '6409711');
INSERT INTO Plates VALUES ('UZ208GS', '2023-01-12', '6409711', TRUE);
INSERT INTO InactivePlates VALUES ('RX478WV', '2022-12-11', '6409711', '2023-01-09');
INSERT INTO Plates VALUES ('RX478WV', '2022-12-11', '6409711', FALSE);
INSERT INTO Revisions (plateNumber, revisionDate, outcome, motivation) VALUES ('RX478WV', '2022-12-12', 'negative', 'Mancato pagamento di multe o tasse');
INSERT INTO Vehicle VALUES ('0456187', 'Coupe', 'Hyundai', '2022-08-24');
INSERT INTO ActivePlates VALUES ('TC312UG', '2022-09-13', '0456187');
INSERT INTO Plates VALUES ('TC312UG', '2022-09-13', '0456187', TRUE);
INSERT INTO Revisions (plateNumber, revisionDate, outcome, motivation) VALUES ('TC312UG', '2024-03-07', 'negative', 'Non conformità alle normative');
INSERT INTO Vehicle VALUES ('4123328', 'Convertible', 'Chevrolet', '2022-12-08');
INSERT INTO Vehicle VALUES ('0068352', 'Sports Car', 'Nissan', '2022-09-17');
INSERT INTO ActivePlates VALUES ('HQ391QP', '2022-11-23', '0068352');
INSERT INTO Plates VALUES ('HQ391QP', '2022-11-23', '0068352', TRUE);
INSERT INTO InactivePlates VALUES ('VY809PF', '2022-10-15', '0068352', '2022-11-07');
INSERT INTO Plates VALUES ('VY809PF', '2022-10-15', '0068352', FALSE);
INSERT INTO Vehicle VALUES ('9153293', 'Hatchback', 'Tesla', '2023-07-20');
INSERT INTO ActivePlates VALUES ('FU865LM', '2023-11-13', '9153293');
INSERT INTO Plates VALUES ('FU865LM', '2023-11-13', '9153293', TRUE);
INSERT INTO InactivePlates VALUES ('VN087UK', '2023-09-30', '9153293', '2023-11-09');
INSERT INTO Plates VALUES ('VN087UK', '2023-09-30', '9153293', FALSE);
INSERT INTO Revisions (plateNumber, revisionDate, outcome, motivation) VALUES ('VN087UK', '2023-10-31', 'negative', 'Modifiche improprie apportate al veicolo');
INSERT INTO Revisions (plateNumber, revisionDate, outcome, motivation) VALUES ('VN087UK', '2023-10-05', 'positive', 'NULL');
INSERT INTO Revisions (plateNumber, revisionDate, outcome, motivation) VALUES ('VN087UK', '2023-10-01', 'positive', 'NULL');
INSERT INTO InactivePlates VALUES ('CK180QI', '2023-08-19', '9153293', '2023-09-05');
INSERT INTO Plates VALUES ('CK180QI', '2023-08-19', '9153293', FALSE);
INSERT INTO Vehicle VALUES ('1121156', 'Minivan', 'BMW', '2023-04-10');
INSERT INTO ActivePlates VALUES ('EY918NF', '2023-07-20', '1121156');
INSERT INTO Plates VALUES ('EY918NF', '2023-07-20', '1121156', TRUE);
INSERT INTO InactivePlates VALUES ('MG169XO', '2023-05-31', '1121156', '2023-06-13');
INSERT INTO Plates VALUES ('MG169XO', '2023-05-31', '1121156', FALSE);
INSERT INTO InactivePlates VALUES ('QZ378KY', '2023-04-30', '1121156', '2023-05-07');
INSERT INTO Plates VALUES ('QZ378KY', '2023-04-30', '1121156', FALSE);
INSERT INTO Revisions (plateNumber, revisionDate, outcome, motivation) VALUES ('QZ378KY', '2023-05-03', 'negative', 'Scoperte problematiche di sicurezza');
INSERT INTO Vehicle VALUES ('3519706', 'Sedan', 'Mazda', '2023-01-27');
INSERT INTO InactivePlates VALUES ('HN137UE', '2023-02-23', '3519706', '2023-09-12');
INSERT INTO Plates VALUES ('HN137UE', '2023-02-23', '3519706', FALSE);
INSERT INTO Revisions (plateNumber, revisionDate, outcome, motivation) VALUES ('HN137UE', '2023-03-01', 'positive', 'NULL');
INSERT INTO Vehicle VALUES ('2645958', 'Sedan', 'Porsche', '2022-11-04');
INSERT INTO Vehicle VALUES ('8978559', 'SUV', 'Ford', '2022-12-09');
INSERT INTO InactivePlates VALUES ('TE708XN', '2022-12-19', '8978559', '2024-03-04');
INSERT INTO Plates VALUES ('TE708XN', '2022-12-19', '8978559', FALSE);
INSERT INTO Revisions (plateNumber, revisionDate, outcome, motivation) VALUES ('TE708XN', '2024-01-11', 'positive', 'NULL');
INSERT INTO Vehicle VALUES ('7850914', 'Hatchback', 'Chevrolet', '2023-05-31');
INSERT INTO InactivePlates VALUES ('FL339FM', '2023-09-30', '7850914', '2023-10-31');
INSERT INTO Plates VALUES ('FL339FM', '2023-09-30', '7850914', FALSE);
INSERT INTO Revisions (plateNumber, revisionDate, outcome, motivation) VALUES ('FL339FM', '2023-10-16', 'positive', 'NULL');
INSERT INTO InactivePlates VALUES ('JQ397DY', '2023-08-13', '7850914', '2023-09-24');
INSERT INTO Plates VALUES ('JQ397DY', '2023-08-13', '7850914', FALSE);
INSERT INTO Revisions (plateNumber, revisionDate, outcome, motivation) VALUES ('JQ397DY', '2023-09-17', 'negative', 'Veicolo non superato il test delle emissioni');
INSERT INTO InactivePlates VALUES ('BP033ME', '2023-06-24', '7850914', '2023-07-06');
INSERT INTO Plates VALUES ('BP033ME', '2023-06-24', '7850914', FALSE);
INSERT INTO Revisions (plateNumber, revisionDate, outcome, motivation) VALUES ('BP033ME', '2023-06-26', 'positive', 'NULL');
INSERT INTO Vehicle VALUES ('0745290', 'Sedan', 'Hyundai', '2022-12-11');
INSERT INTO Vehicle VALUES ('3458685', 'Minivan', 'Lexus', '2023-03-29');
INSERT INTO Vehicle VALUES ('2042608', 'Sedan', 'Jeep', '2022-12-18');
INSERT INTO ActivePlates VALUES ('BG560WN', '2023-01-16', '2042608');
INSERT INTO Plates VALUES ('BG560WN', '2023-01-16', '2042608', TRUE);
INSERT INTO Vehicle VALUES ('3769176', 'SUV', 'Chevrolet', '2023-01-08');
INSERT INTO InactivePlates VALUES ('VR495AO', '2023-05-05', '3769176', '2024-01-20');
INSERT INTO Plates VALUES ('VR495AO', '2023-05-05', '3769176', FALSE);
INSERT INTO Revisions (plateNumber, revisionDate, outcome, motivation) VALUES ('VR495AO', '2023-10-12', 'negative', 'Registrazione fraudolenta');
INSERT INTO InactivePlates VALUES ('CH314CJ', '2023-03-24', '3769176', '2023-04-19');
INSERT INTO Plates VALUES ('CH314CJ', '2023-03-24', '3769176', FALSE);
INSERT INTO Revisions (plateNumber, revisionDate, outcome, motivation) VALUES ('CH314CJ', '2023-04-15', 'negative', 'Mancato pagamento di imposte');
INSERT INTO InactivePlates VALUES ('GP096TY', '2023-02-02', '3769176', '2023-02-17');
INSERT INTO Plates VALUES ('GP096TY', '2023-02-02', '3769176', FALSE);
INSERT INTO Revisions (plateNumber, revisionDate, outcome, motivation) VALUES ('GP096TY', '2023-02-17', 'positive', 'NULL');
INSERT INTO Vehicle VALUES ('0730059', 'Crossover', 'Mercedes-Benz', '2023-05-30');
INSERT INTO ActivePlates VALUES ('SG882PY', '2023-06-21', '0730059');
INSERT INTO Plates VALUES ('SG882PY', '2023-06-21', '0730059', TRUE);
INSERT INTO Revisions (plateNumber, revisionDate, outcome, motivation) VALUES ('SG882PY', '2024-05-14', 'negative', 'Registrazione fraudolenta');
INSERT INTO Vehicle VALUES ('7408366', 'Hatchback', 'Chevrolet', '2022-10-29');
INSERT INTO InactivePlates VALUES ('RA340IR', '2023-01-23', '7408366', '2024-04-28');
INSERT INTO Plates VALUES ('RA340IR', '2023-01-23', '7408366', FALSE);
INSERT INTO Revisions (plateNumber, revisionDate, outcome, motivation) VALUES ('RA340IR', '2023-03-19', 'positive', 'NULL');
INSERT INTO InactivePlates VALUES ('SS813TG', '2022-12-14', '7408366', '2023-01-22');
INSERT INTO Plates VALUES ('SS813TG', '2022-12-14', '7408366', FALSE);
INSERT INTO Revisions (plateNumber, revisionDate, outcome, motivation) VALUES ('SS813TG', '2023-01-01', 'negative', 'Veicolo considerato non sicuro');
INSERT INTO InactivePlates VALUES ('RI745WH', '2022-11-11', '7408366', '2022-11-29');
INSERT INTO Plates VALUES ('RI745WH', '2022-11-11', '7408366', FALSE);
INSERT INTO Revisions (plateNumber, revisionDate, outcome, motivation) VALUES ('RI745WH', '2022-11-15', 'positive', 'NULL');
INSERT INTO Vehicle VALUES ('1577972', 'SUV', 'Ford', '2022-10-03');
INSERT INTO ActivePlates VALUES ('CA261ZU', '2022-10-14', '1577972');
INSERT INTO Plates VALUES ('CA261ZU', '2022-10-14', '1577972', TRUE);
INSERT INTO Vehicle VALUES ('7307833', 'Coupe', 'Porsche', '2022-10-24');
INSERT INTO ActivePlates VALUES ('JC509IO', '2022-11-19', '7307833');
INSERT INTO Plates VALUES ('JC509IO', '2022-11-19', '7307833', TRUE);
INSERT INTO Revisions (plateNumber, revisionDate, outcome, motivation) VALUES ('JC509IO', '2024-04-12', 'positive', 'NULL');
INSERT INTO Vehicle VALUES ('9048948', 'Coupe', 'Jaguar', '2022-12-07');
INSERT INTO ActivePlates VALUES ('ZN257PK', '2023-03-17', '9048948');
INSERT INTO Plates VALUES ('ZN257PK', '2023-03-17', '9048948', TRUE);
INSERT INTO InactivePlates VALUES ('PA942QV', '2023-02-14', '9048948', '2023-03-07');
INSERT INTO Plates VALUES ('PA942QV', '2023-02-14', '9048948', FALSE);
INSERT INTO Revisions (plateNumber, revisionDate, outcome, motivation) VALUES ('PA942QV', '2023-02-27', 'negative', 'Veicolo segnalato come rubato');
INSERT INTO InactivePlates VALUES ('XZ924HD', '2022-12-30', '9048948', '2023-02-13');
INSERT INTO Plates VALUES ('XZ924HD', '2022-12-30', '9048948', FALSE);
INSERT INTO Revisions (plateNumber, revisionDate, outcome, motivation) VALUES ('XZ924HD', '2023-02-01', 'negative', 'Violazione delle leggi sul traffico');
INSERT INTO Vehicle VALUES ('1181776', 'Hatchback', 'Volvo', '2022-08-04');
INSERT INTO ActivePlates VALUES ('SY882HG', '2022-09-28', '1181776');
INSERT INTO Plates VALUES ('SY882HG', '2022-09-28', '1181776', TRUE);
INSERT INTO Revisions (plateNumber, revisionDate, outcome, motivation) VALUES ('SY882HG', '2023-04-22', 'positive', 'NULL');
INSERT INTO Revisions (plateNumber, revisionDate, outcome, motivation) VALUES ('SY882HG', '2024-04-03', 'positive', 'NULL');
INSERT INTO InactivePlates VALUES ('IT300TM', '2022-08-23', '1181776', '2022-09-16');
INSERT INTO Plates VALUES ('IT300TM', '2022-08-23', '1181776', FALSE);
INSERT INTO Vehicle VALUES ('6154355', 'Coupe', 'Jeep', '2022-10-08');
INSERT INTO ActivePlates VALUES ('HY031SC', '2022-12-25', '6154355');
INSERT INTO Plates VALUES ('HY031SC', '2022-12-25', '6154355', TRUE);
INSERT INTO Revisions (plateNumber, revisionDate, outcome, motivation) VALUES ('HY031SC', '2023-08-04', 'negative', 'Falsificazione o contraffazione di documenti');
INSERT INTO Revisions (plateNumber, revisionDate, outcome, motivation) VALUES ('HY031SC', '2024-06-16', 'positive', 'NULL');
INSERT INTO InactivePlates VALUES ('CH954KY', '2022-11-05', '6154355', '2022-12-20');
INSERT INTO Plates VALUES ('CH954KY', '2022-11-05', '6154355', FALSE);
INSERT INTO Revisions (plateNumber, revisionDate, outcome, motivation) VALUES ('CH954KY', '2022-12-05', 'negative', 'Mancato pagamento di multe o tasse');
INSERT INTO Vehicle VALUES ('7977240', 'Crossover', 'Kia', '2023-04-22');
INSERT INTO Vehicle VALUES ('5364514', 'Coupe', 'Jaguar', '2023-06-20');
INSERT INTO ActivePlates VALUES ('DP576IJ', '2023-09-25', '5364514');
INSERT INTO Plates VALUES ('DP576IJ', '2023-09-25', '5364514', TRUE);
INSERT INTO Revisions (plateNumber, revisionDate, outcome, motivation) VALUES ('DP576IJ', '2024-06-24', 'negative', 'Registrazione fraudolenta');
INSERT INTO InactivePlates VALUES ('JA848DF', '2023-08-13', '5364514', '2023-08-24');
INSERT INTO Plates VALUES ('JA848DF', '2023-08-13', '5364514', FALSE);
INSERT INTO InactivePlates VALUES ('KK573AD', '2023-07-06', '5364514', '2023-07-22');
INSERT INTO Plates VALUES ('KK573AD', '2023-07-06', '5364514', FALSE);
INSERT INTO Vehicle VALUES ('7940113', 'Convertible', 'Ford', '2022-12-09');
INSERT INTO ActivePlates VALUES ('IO849TO', '2023-03-14', '7940113');
INSERT INTO Plates VALUES ('IO849TO', '2023-03-14', '7940113', TRUE);
INSERT INTO InactivePlates VALUES ('CH824ZU', '2023-02-11', '7940113', '2023-02-23');
INSERT INTO Plates VALUES ('CH824ZU', '2023-02-11', '7940113', FALSE);
INSERT INTO Revisions (plateNumber, revisionDate, outcome, motivation) VALUES ('CH824ZU', '2023-02-22', 'negative', 'Registrazione scaduta');
INSERT INTO Revisions (plateNumber, revisionDate, outcome, motivation) VALUES ('CH824ZU', '2023-02-20', 'negative', 'Violazione delle normative ambientali');
INSERT INTO Revisions (plateNumber, revisionDate, outcome, motivation) VALUES ('CH824ZU', '2023-02-22', 'negative', 'Modifiche illegali apportate al veicolo');
INSERT INTO InactivePlates VALUES ('XM953GL', '2022-12-29', '7940113', '2023-01-12');
INSERT INTO Plates VALUES ('XM953GL', '2022-12-29', '7940113', FALSE);
INSERT INTO Revisions (plateNumber, revisionDate, outcome, motivation) VALUES ('XM953GL', '2023-01-11', 'positive', 'NULL');
INSERT INTO Vehicle VALUES ('9189715', 'Crossover', 'Audi', '2023-04-07');
INSERT INTO InactivePlates VALUES ('OB879JZ', '2023-04-21', '9189715', '2024-03-27');
INSERT INTO Plates VALUES ('OB879JZ', '2023-04-21', '9189715', FALSE);
INSERT INTO Revisions (plateNumber, revisionDate, outcome, motivation) VALUES ('OB879JZ', '2023-09-03', 'positive', 'NULL');
INSERT INTO Vehicle VALUES ('5534690', 'Convertible', 'Ferrari', '2023-01-08');
INSERT INTO InactivePlates VALUES ('LU323ET', '2023-01-25', '5534690', '2024-01-21');
INSERT INTO Plates VALUES ('LU323ET', '2023-01-25', '5534690', FALSE);
INSERT INTO Revisions (plateNumber, revisionDate, outcome, motivation) VALUES ('LU323ET', '2023-06-29', 'negative', 'Non conformità alle normative');
INSERT INTO Vehicle VALUES ('6489708', 'Minivan', 'Jeep', '2022-10-01');
INSERT INTO ActivePlates VALUES ('QE389PX', '2022-10-16', '6489708');
INSERT INTO Plates VALUES ('QE389PX', '2022-10-16', '6489708', TRUE);
INSERT INTO Vehicle VALUES ('5997288', 'Hatchback', 'Kia', '2023-03-19');
INSERT INTO ActivePlates VALUES ('BZ961XQ', '2023-06-01', '5997288');
INSERT INTO Plates VALUES ('BZ961XQ', '2023-06-01', '5997288', TRUE);
INSERT INTO Revisions (plateNumber, revisionDate, outcome, motivation) VALUES ('BZ961XQ', '2023-11-22', 'negative', 'Violazione delle leggi sul traffico');
INSERT INTO InactivePlates VALUES ('QX351KA', '2023-04-14', '5997288', '2023-04-25');
INSERT INTO Plates VALUES ('QX351KA', '2023-04-14', '5997288', FALSE);
INSERT INTO Revisions (plateNumber, revisionDate, outcome, motivation) VALUES ('QX351KA', '2023-04-25', 'positive', 'NULL');
INSERT INTO Vehicle VALUES ('3727312', 'Hatchback', 'Jaguar', '2023-04-20');
INSERT INTO InactivePlates VALUES ('CZ368DR', '2023-07-15', '3727312', '2023-10-08');
INSERT INTO Plates VALUES ('CZ368DR', '2023-07-15', '3727312', FALSE);
INSERT INTO Revisions (plateNumber, revisionDate, outcome, motivation) VALUES ('CZ368DR', '2023-09-18', 'negative', 'Scoperte problematiche di sicurezza');
INSERT INTO InactivePlates VALUES ('QY674JG', '2023-06-14', '3727312', '2023-06-20');
INSERT INTO Plates VALUES ('QY674JG', '2023-06-14', '3727312', FALSE);
INSERT INTO Revisions (plateNumber, revisionDate, outcome, motivation) VALUES ('QY674JG', '2023-06-19', 'positive', 'NULL');
INSERT INTO InactivePlates VALUES ('RN691YW', '2023-05-11', '3727312', '2023-05-30');
INSERT INTO Plates VALUES ('RN691YW', '2023-05-11', '3727312', FALSE);
INSERT INTO Revisions (plateNumber, revisionDate, outcome, motivation) VALUES ('RN691YW', '2023-05-15', 'negative', 'Documentazione errata presentata');
INSERT INTO Vehicle VALUES ('6365987', 'Minivan', 'Audi', '2023-03-19');
INSERT INTO ActivePlates VALUES ('MX805RJ', '2023-05-07', '6365987');
INSERT INTO Plates VALUES ('MX805RJ', '2023-05-07', '6365987', TRUE);
INSERT INTO Revisions (plateNumber, revisionDate, outcome, motivation) VALUES ('MX805RJ', '2024-02-12', 'negative', 'Veicolo considerato non sicuro');
INSERT INTO Revisions (plateNumber, revisionDate, outcome, motivation) VALUES ('MX805RJ', '2024-04-18', 'positive', 'NULL');
INSERT INTO Revisions (plateNumber, revisionDate, outcome, motivation) VALUES ('MX805RJ', '2023-05-19', 'negative', 'Modifiche improprie apportate al veicolo');
INSERT INTO InactivePlates VALUES ('DX108PF', '2023-04-02', '6365987', '2023-04-20');
INSERT INTO Plates VALUES ('DX108PF', '2023-04-02', '6365987', FALSE);
INSERT INTO Revisions (plateNumber, revisionDate, outcome, motivation) VALUES ('DX108PF', '2023-04-18', 'negative', 'Mancato pagamento di imposte');
INSERT INTO Vehicle VALUES ('2899922', 'Truck', 'Toyota', '2023-07-19');
INSERT INTO ActivePlates VALUES ('IB799WF', '2023-09-10', '2899922');
INSERT INTO Plates VALUES ('IB799WF', '2023-09-10', '2899922', TRUE);
INSERT INTO InactivePlates VALUES ('OH817FM', '2023-08-03', '2899922', '2023-09-08');
INSERT INTO Plates VALUES ('OH817FM', '2023-08-03', '2899922', FALSE);
INSERT INTO Vehicle VALUES ('9727083', 'Convertible', 'Volvo', '2023-05-16');
INSERT INTO Vehicle VALUES ('2936645', 'Coupe', 'Hyundai', '2022-10-25');
INSERT INTO Vehicle VALUES ('9575817', 'Minivan', 'Mazda', '2022-09-01');
INSERT INTO Vehicle VALUES ('3825962', 'Sports Car', 'Audi', '2022-10-16');
INSERT INTO Vehicle VALUES ('2881928', 'Hatchback', 'Audi', '2023-05-08');
INSERT INTO ActivePlates VALUES ('IR253HL', '2023-05-29', '2881928');
INSERT INTO Plates VALUES ('IR253HL', '2023-05-29', '2881928', TRUE);
INSERT INTO Vehicle VALUES ('6941230', 'Crossover', 'Chevrolet', '2023-06-21');
INSERT INTO ActivePlates VALUES ('ZL746RS', '2023-07-01', '6941230');
INSERT INTO Plates VALUES ('ZL746RS', '2023-07-01', '6941230', TRUE);
INSERT INTO Vehicle VALUES ('1526601', 'Sedan', 'Tesla', '2023-02-26');
INSERT INTO InactivePlates VALUES ('BD012CN', '2023-04-18', '1526601', '2023-10-16');
INSERT INTO Plates VALUES ('BD012CN', '2023-04-18', '1526601', FALSE);
INSERT INTO Revisions (plateNumber, revisionDate, outcome, motivation) VALUES ('BD012CN', '2023-07-06', 'negative', 'Registrazione fraudolenta');
INSERT INTO InactivePlates VALUES ('SL865VE', '2023-03-18', '1526601', '2023-04-05');
INSERT INTO Plates VALUES ('SL865VE', '2023-03-18', '1526601', FALSE);
INSERT INTO Revisions (plateNumber, revisionDate, outcome, motivation) VALUES ('SL865VE', '2023-03-30', 'negative', 'Modifiche improprie apportate al veicolo');
INSERT INTO Vehicle VALUES ('8894510', 'SUV', 'Volvo', '2023-01-01');
INSERT INTO ActivePlates VALUES ('HE512GO', '2023-03-13', '8894510');
INSERT INTO Plates VALUES ('HE512GO', '2023-03-13', '8894510', TRUE);
INSERT INTO InactivePlates VALUES ('FE306WF', '2023-01-26', '8894510', '2023-02-21');
INSERT INTO Plates VALUES ('FE306WF', '2023-01-26', '8894510', FALSE);
INSERT INTO Vehicle VALUES ('6670063', 'Minivan', 'Audi', '2023-03-30');
INSERT INTO Vehicle VALUES ('3978412', 'Crossover', 'Porsche', '2022-12-11');
INSERT INTO Vehicle VALUES ('4811841', 'Crossover', 'Volkswagen', '2023-01-12');
INSERT INTO ActivePlates VALUES ('EQ574DG', '2023-03-23', '4811841');
INSERT INTO Plates VALUES ('EQ574DG', '2023-03-23', '4811841', TRUE);
INSERT INTO Revisions (plateNumber, revisionDate, outcome, motivation) VALUES ('EQ574DG', '2024-01-02', 'negative', 'Veicolo considerato non sicuro');
INSERT INTO InactivePlates VALUES ('CO427XT', '2023-02-01', '4811841', '2023-03-15');
INSERT INTO Plates VALUES ('CO427XT', '2023-02-01', '4811841', FALSE);
INSERT INTO Vehicle VALUES ('3281287', 'Hatchback', 'Tesla', '2023-07-19');
INSERT INTO ActivePlates VALUES ('YJ116RU', '2023-09-24', '3281287');
INSERT INTO Plates VALUES ('YJ116RU', '2023-09-24', '3281287', TRUE);
INSERT INTO InactivePlates VALUES ('HG740GZ', '2023-08-07', '3281287', '2023-09-15');
INSERT INTO Plates VALUES ('HG740GZ', '2023-08-07', '3281287', FALSE);
INSERT INTO Revisions (plateNumber, revisionDate, outcome, motivation) VALUES ('HG740GZ', '2023-09-04', 'negative', 'Scoperte problematiche di sicurezza');
INSERT INTO Vehicle VALUES ('9873439', 'Crossover', 'Chevrolet', '2022-09-21');
INSERT INTO ActivePlates VALUES ('SH253NT', '2022-10-19', '9873439');
INSERT INTO Plates VALUES ('SH253NT', '2022-10-19', '9873439', TRUE);
INSERT INTO Vehicle VALUES ('0018475', 'Coupe', 'Mazda', '2023-04-29');
INSERT INTO InactivePlates VALUES ('AF741IX', '2023-05-17', '0018475', '2023-12-21');
INSERT INTO Plates VALUES ('AF741IX', '2023-05-17', '0018475', FALSE);
INSERT INTO Revisions (plateNumber, revisionDate, outcome, motivation) VALUES ('AF741IX', '2023-06-07', 'positive', 'NULL');
INSERT INTO Vehicle VALUES ('5566069', 'Truck', 'Subaru', '2023-02-22');
INSERT INTO ActivePlates VALUES ('JB076PA', '2023-04-15', '5566069');
INSERT INTO Plates VALUES ('JB076PA', '2023-04-15', '5566069', TRUE);
INSERT INTO InactivePlates VALUES ('DO461GI', '2023-03-15', '5566069', '2023-04-12');
INSERT INTO Plates VALUES ('DO461GI', '2023-03-15', '5566069', FALSE);
INSERT INTO Revisions (plateNumber, revisionDate, outcome, motivation) VALUES ('DO461GI', '2023-04-04', 'negative', 'Veicolo non superato il test delle emissioni');
INSERT INTO Vehicle VALUES ('8057859', 'Truck', 'BMW', '2023-01-25');
INSERT INTO ActivePlates VALUES ('HW792HH', '2023-05-13', '8057859');
INSERT INTO Plates VALUES ('HW792HH', '2023-05-13', '8057859', TRUE);
INSERT INTO InactivePlates VALUES ('ER279WQ', '2023-03-29', '8057859', '2023-05-09');
INSERT INTO Plates VALUES ('ER279WQ', '2023-03-29', '8057859', FALSE);
INSERT INTO InactivePlates VALUES ('RI790PS', '2023-02-13', '8057859', '2023-03-21');
INSERT INTO Plates VALUES ('RI790PS', '2023-02-13', '8057859', FALSE);
