CREATE TABLE IF NOT EXISTS Vehicle (
                    number VARCHAR(7) PRIMARY KEY,
                    model VARCHAR(20),
                    brand VARCHAR(20),
                    prodDate DATE);
CREATE TABLE IF NOT EXISTS ActivePlates (
                    number VARCHAR(7) PRIMARY KEY,
                    emissionDate DATE,
                    vehicleNumber VARCHAR(7),
                    FOREIGN KEY(vehicleNumber) REFERENCES Vehicle(number));
CREATE TABLE IF NOT EXISTS InactivePlates (
                    number VARCHAR(7) PRIMARY KEY,
                    emissionDate DATE,
                    vehicleNumber VARCHAR(7),
                    resDate DATE,
                    FOREIGN KEY(vehicleNumber) REFERENCES Vehicle(number));
CREATE TABLE IF NOT EXISTS Plates (
                    number VARCHAR(7) PRIMARY KEY,
                    emissionDate DATE,
                    vehicleNumber VARCHAR(7),
                    active BOOLEAN,
                    FOREIGN KEY(vehicleNumber) REFERENCES Vehicle(number));
CREATE TABLE IF NOT EXISTS Revisions (
                    id SERIAL PRIMARY KEY,
                    plateNumber VARCHAR(7),
                    revisionDate DATE,
                    outcome VARCHAR(10),
                    motivation TEXT,
                    FOREIGN KEY(plateNumber) REFERENCES Plates(number));
INSERT INTO Vehicle VALUES ('8075547', 'Minivan', 'Jeep', '2023-06-15');
INSERT INTO InactivePlates VALUES ('TS397XH', '2023-09-04', '8075547', '2024-03-27');
INSERT INTO Plates VALUES ('TS397XH', '2023-09-04', '8075547', FALSE);
INSERT INTO Revisions (plateNumber, revisionDate, outcome, motivation) VALUES ('TS397XH', '2024-02-09', 'negative', 'Violazione delle leggi sul traffico');
INSERT INTO InactivePlates VALUES ('PS742LS', '2023-08-01', '8075547', '2023-08-16');
INSERT INTO Plates VALUES ('PS742LS', '2023-08-01', '8075547', FALSE);
INSERT INTO Revisions (plateNumber, revisionDate, outcome, motivation) VALUES ('PS742LS', '2023-08-13', 'positive', NULL);
INSERT INTO InactivePlates VALUES ('FP526VO', '2023-06-27', '8075547', '2023-07-06');
INSERT INTO Plates VALUES ('FP526VO', '2023-06-27', '8075547', FALSE);
INSERT INTO Revisions (plateNumber, revisionDate, outcome, motivation) VALUES ('FP526VO', '2023-06-29', 'positive', NULL);
INSERT INTO Vehicle VALUES ('9627909', 'Convertible', 'Porsche', '2022-10-10');
INSERT INTO ActivePlates VALUES ('ZF436NM', '2022-12-15', '9627909');
INSERT INTO Plates VALUES ('ZF436NM', '2022-12-15', '9627909', TRUE);
INSERT INTO InactivePlates VALUES ('HE086YB', '2022-11-03', '9627909', '2022-11-24');
INSERT INTO Plates VALUES ('HE086YB', '2022-11-03', '9627909', FALSE);
INSERT INTO Vehicle VALUES ('1479756', 'Convertible', 'Volkswagen', '2022-08-20');
INSERT INTO ActivePlates VALUES ('IY168VX', '2022-11-20', '1479756');
INSERT INTO Plates VALUES ('IY168VX', '2022-11-20', '1479756', TRUE);
INSERT INTO Revisions (plateNumber, revisionDate, outcome, motivation) VALUES ('IY168VX', '2024-04-26', 'negative', 'Veicolo segnalato come rubato');
INSERT INTO Revisions (plateNumber, revisionDate, outcome, motivation) VALUES ('IY168VX', '2022-12-01', 'negative', 'Violazione delle normative ambientali');
INSERT INTO InactivePlates VALUES ('CZ705GQ', '2022-10-13', '1479756', '2022-10-23');
INSERT INTO Plates VALUES ('CZ705GQ', '2022-10-13', '1479756', FALSE);
INSERT INTO InactivePlates VALUES ('FQ364XV', '2022-09-11', '1479756', '2022-09-22');
INSERT INTO Plates VALUES ('FQ364XV', '2022-09-11', '1479756', FALSE);
INSERT INTO Vehicle VALUES ('1090834', 'Hatchback', 'Kia', '2023-02-14');
INSERT INTO ActivePlates VALUES ('RW960FF', '2023-02-26', '1090834');
INSERT INTO Plates VALUES ('RW960FF', '2023-02-26', '1090834', TRUE);
INSERT INTO Revisions (plateNumber, revisionDate, outcome, motivation) VALUES ('RW960FF', '2023-11-19', 'negative', 'Violazione delle leggi sul traffico');
INSERT INTO Revisions (plateNumber, revisionDate, outcome, motivation) VALUES ('RW960FF', '2024-02-04', 'negative', 'Targa danneggiata o manomessa');
INSERT INTO Vehicle VALUES ('7195218', 'Minivan', 'Kia', '2022-11-23');
INSERT INTO ActivePlates VALUES ('HC531SI', '2022-12-22', '7195218');
INSERT INTO Plates VALUES ('HC531SI', '2022-12-22', '7195218', TRUE);
INSERT INTO Revisions (plateNumber, revisionDate, outcome, motivation) VALUES ('HC531SI', '2023-09-23', 'positive', NULL);
INSERT INTO Vehicle VALUES ('5104097', 'Coupe', 'Jeep', '2023-03-15');
INSERT INTO ActivePlates VALUES ('VF042HD', '2023-05-18', '5104097');
INSERT INTO Plates VALUES ('VF042HD', '2023-05-18', '5104097', TRUE);
INSERT INTO InactivePlates VALUES ('SD723GB', '2023-04-14', '5104097', '2023-05-10');
INSERT INTO Plates VALUES ('SD723GB', '2023-04-14', '5104097', FALSE);
INSERT INTO Vehicle VALUES ('2604709', 'Sedan', 'Subaru', '2023-03-29');
INSERT INTO Vehicle VALUES ('7158963', 'Minivan', 'Audi', '2023-06-06');
INSERT INTO Vehicle VALUES ('6298700', 'Truck', 'Kia', '2022-12-01');
INSERT INTO InactivePlates VALUES ('ZV923ZF', '2023-02-05', '6298700', '2023-07-20');
INSERT INTO Plates VALUES ('ZV923ZF', '2023-02-05', '6298700', FALSE);
INSERT INTO Revisions (plateNumber, revisionDate, outcome, motivation) VALUES ('ZV923ZF', '2023-06-10', 'positive', NULL);
INSERT INTO InactivePlates VALUES ('NS004BB', '2022-12-29', '6298700', '2023-01-07');
INSERT INTO Plates VALUES ('NS004BB', '2022-12-29', '6298700', FALSE);
INSERT INTO Revisions (plateNumber, revisionDate, outcome, motivation) VALUES ('NS004BB', '2023-01-05', 'positive', NULL);
INSERT INTO Vehicle VALUES ('4632326', 'Sedan', 'Porsche', '2023-04-10');
INSERT INTO Vehicle VALUES ('5958280', 'Truck', 'Subaru', '2023-01-05');
INSERT INTO Vehicle VALUES ('2175465', 'Coupe', 'BMW', '2022-10-14');
INSERT INTO Vehicle VALUES ('8925022', 'Crossover', 'Ferrari', '2023-06-10');
INSERT INTO Vehicle VALUES ('4712200', 'Truck', 'Volvo', '2023-03-09');
INSERT INTO Vehicle VALUES ('0401297', 'Convertible', 'Nissan', '2022-10-24');
INSERT INTO InactivePlates VALUES ('HJ778XC', '2023-02-08', '0401297', '2023-12-30');
INSERT INTO Plates VALUES ('HJ778XC', '2023-02-08', '0401297', FALSE);
INSERT INTO Revisions (plateNumber, revisionDate, outcome, motivation) VALUES ('HJ778XC', '2023-10-01', 'positive', NULL);
INSERT INTO InactivePlates VALUES ('PZ055NB', '2022-12-23', '0401297', '2023-01-25');
INSERT INTO Plates VALUES ('PZ055NB', '2022-12-23', '0401297', FALSE);
INSERT INTO Revisions (plateNumber, revisionDate, outcome, motivation) VALUES ('PZ055NB', '2022-12-29', 'positive', NULL);
INSERT INTO InactivePlates VALUES ('WB687RD', '2022-11-18', '0401297', '2022-12-01');
INSERT INTO Plates VALUES ('WB687RD', '2022-11-18', '0401297', FALSE);
INSERT INTO Revisions (plateNumber, revisionDate, outcome, motivation) VALUES ('WB687RD', '2022-11-19', 'negative', 'Targa danneggiata o manomessa');
INSERT INTO Vehicle VALUES ('9626442', 'Convertible', 'Volvo', '2022-09-27');
INSERT INTO ActivePlates VALUES ('GH350MM', '2022-10-22', '9626442');
INSERT INTO Plates VALUES ('GH350MM', '2022-10-22', '9626442', TRUE);
INSERT INTO Vehicle VALUES ('6906172', 'Hatchback', 'Kia', '2022-08-30');
INSERT INTO ActivePlates VALUES ('JL386QI', '2022-09-28', '6906172');
INSERT INTO Plates VALUES ('JL386QI', '2022-09-28', '6906172', TRUE);
INSERT INTO Vehicle VALUES ('7738075', 'Sports Car', 'Ford', '2023-03-09');
INSERT INTO ActivePlates VALUES ('XQ447DG', '2023-05-20', '7738075');
INSERT INTO Plates VALUES ('XQ447DG', '2023-05-20', '7738075', TRUE);
INSERT INTO InactivePlates VALUES ('TT739KB', '2023-04-04', '7738075', '2023-05-11');
INSERT INTO Plates VALUES ('TT739KB', '2023-04-04', '7738075', FALSE);
INSERT INTO Revisions (plateNumber, revisionDate, outcome, motivation) VALUES ('TT739KB', '2023-05-11', 'negative', 'Veicolo segnalato come rubato');
INSERT INTO Revisions (plateNumber, revisionDate, outcome, motivation) VALUES ('TT739KB', '2023-04-14', 'negative', 'Modifiche improprie apportate al veicolo');
INSERT INTO Vehicle VALUES ('7101184', 'Hatchback', 'Hyundai', '2022-10-12');
INSERT INTO ActivePlates VALUES ('DA270QI', '2022-11-29', '7101184');
INSERT INTO Plates VALUES ('DA270QI', '2022-11-29', '7101184', TRUE);
INSERT INTO InactivePlates VALUES ('TH742WH', '2022-10-25', '7101184', '2022-11-03');
INSERT INTO Plates VALUES ('TH742WH', '2022-10-25', '7101184', FALSE);
INSERT INTO Revisions (plateNumber, revisionDate, outcome, motivation) VALUES ('TH742WH', '2022-11-01', 'positive', NULL);
INSERT INTO Vehicle VALUES ('6968618', 'Convertible', 'Audi', '2023-03-29');
INSERT INTO ActivePlates VALUES ('ZL592RE', '2023-07-13', '6968618');
INSERT INTO Plates VALUES ('ZL592RE', '2023-07-13', '6968618', TRUE);
INSERT INTO InactivePlates VALUES ('JA431JM', '2023-06-02', '6968618', '2023-06-23');
INSERT INTO Plates VALUES ('JA431JM', '2023-06-02', '6968618', FALSE);
INSERT INTO InactivePlates VALUES ('ZM805YH', '2023-04-21', '6968618', '2023-05-13');
INSERT INTO Plates VALUES ('ZM805YH', '2023-04-21', '6968618', FALSE);
INSERT INTO Vehicle VALUES ('1306096', 'Sports Car', 'Tesla', '2023-04-06');
INSERT INTO ActivePlates VALUES ('LA800NQ', '2023-04-20', '1306096');
INSERT INTO Plates VALUES ('LA800NQ', '2023-04-20', '1306096', TRUE);
INSERT INTO Vehicle VALUES ('8725980', 'Sedan', 'Ford', '2022-12-14');
INSERT INTO InactivePlates VALUES ('ZF859MN', '2023-01-09', '8725980', '2023-11-23');
INSERT INTO Plates VALUES ('ZF859MN', '2023-01-09', '8725980', FALSE);
INSERT INTO Revisions (plateNumber, revisionDate, outcome, motivation) VALUES ('ZF859MN', '2023-07-30', 'negative', 'Targa persa o rubata');
INSERT INTO Vehicle VALUES ('9058234', 'Minivan', 'Tesla', '2023-03-02');
INSERT INTO ActivePlates VALUES ('TU244YH', '2023-03-12', '9058234');
INSERT INTO Plates VALUES ('TU244YH', '2023-03-12', '9058234', TRUE);
INSERT INTO Vehicle VALUES ('3013880', 'Hatchback', 'Mazda', '2022-11-23');
INSERT INTO Vehicle VALUES ('1121902', 'Hatchback', 'Kia', '2023-05-11');
INSERT INTO Vehicle VALUES ('5419814', 'Sedan', 'Honda', '2023-01-22');
INSERT INTO ActivePlates VALUES ('UH795FM', '2023-02-04', '5419814');
INSERT INTO Plates VALUES ('UH795FM', '2023-02-04', '5419814', TRUE);
INSERT INTO Vehicle VALUES ('4651173', 'Truck', 'Ford', '2023-04-20');
INSERT INTO InactivePlates VALUES ('CY241AL', '2023-06-14', '4651173', '2023-12-08');
INSERT INTO Plates VALUES ('CY241AL', '2023-06-14', '4651173', FALSE);
INSERT INTO Revisions (plateNumber, revisionDate, outcome, motivation) VALUES ('CY241AL', '2023-11-17', 'negative', 'Falsificazione o contraffazione di documenti');
INSERT INTO InactivePlates VALUES ('XP981BW', '2023-05-03', '4651173', '2023-05-21');
INSERT INTO Plates VALUES ('XP981BW', '2023-05-03', '4651173', FALSE);
INSERT INTO Revisions (plateNumber, revisionDate, outcome, motivation) VALUES ('XP981BW', '2023-05-21', 'positive', NULL);
INSERT INTO Vehicle VALUES ('9429589', 'Sports Car', 'Jeep', '2023-03-09');
INSERT INTO InactivePlates VALUES ('LL019YX', '2023-04-03', '9429589', '2023-08-01');
INSERT INTO Plates VALUES ('LL019YX', '2023-04-03', '9429589', FALSE);
INSERT INTO Revisions (plateNumber, revisionDate, outcome, motivation) VALUES ('LL019YX', '2023-06-15', 'positive', NULL);
INSERT INTO Vehicle VALUES ('1885186', 'Coupe', 'Ford', '2022-08-18');
INSERT INTO Vehicle VALUES ('1467600', 'SUV', 'Volvo', '2023-06-03');
INSERT INTO ActivePlates VALUES ('PZ135FL', '2023-08-02', '1467600');
INSERT INTO Plates VALUES ('PZ135FL', '2023-08-02', '1467600', TRUE);
INSERT INTO InactivePlates VALUES ('HZ517PW', '2023-06-25', '1467600', '2023-07-16');
INSERT INTO Plates VALUES ('HZ517PW', '2023-06-25', '1467600', FALSE);
INSERT INTO Revisions (plateNumber, revisionDate, outcome, motivation) VALUES ('HZ517PW', '2023-07-06', 'negative', 'Veicolo considerato non sicuro per l''uso su strada');
INSERT INTO Revisions (plateNumber, revisionDate, outcome, motivation) VALUES ('HZ517PW', '2023-07-10', 'negative', 'Non conformità alle normative');
INSERT INTO Vehicle VALUES ('0150219', 'Sedan', 'Kia', '2023-04-21');
INSERT INTO InactivePlates VALUES ('SC888IX', '2023-08-09', '0150219', '2024-01-05');
INSERT INTO Plates VALUES ('SC888IX', '2023-08-09', '0150219', FALSE);
INSERT INTO Revisions (plateNumber, revisionDate, outcome, motivation) VALUES ('SC888IX', '2023-12-07', 'positive', NULL);
INSERT INTO InactivePlates VALUES ('IX288OJ', '2023-06-27', '0150219', '2023-08-05');
INSERT INTO Plates VALUES ('IX288OJ', '2023-06-27', '0150219', FALSE);
INSERT INTO Revisions (plateNumber, revisionDate, outcome, motivation) VALUES ('IX288OJ', '2023-07-27', 'negative', 'Modifiche illegali apportate al veicolo');
INSERT INTO InactivePlates VALUES ('UJ312ZN', '2023-05-21', '0150219', '2023-06-10');
INSERT INTO Plates VALUES ('UJ312ZN', '2023-05-21', '0150219', FALSE);
INSERT INTO Revisions (plateNumber, revisionDate, outcome, motivation) VALUES ('UJ312ZN', '2023-05-28', 'negative', 'Veicolo segnalato come rubato');
INSERT INTO Vehicle VALUES ('1315969', 'Sports Car', 'Jeep', '2022-09-15');
INSERT INTO Vehicle VALUES ('8894099', 'Minivan', 'Subaru', '2023-05-13');
INSERT INTO Vehicle VALUES ('1696994', 'Sports Car', 'Nissan', '2023-05-07');
INSERT INTO ActivePlates VALUES ('BX645JS', '2023-06-04', '1696994');
INSERT INTO Plates VALUES ('BX645JS', '2023-06-04', '1696994', TRUE);
INSERT INTO Vehicle VALUES ('0362483', 'Sedan', 'Lexus', '2023-02-04');
INSERT INTO InactivePlates VALUES ('KI801UX', '2023-02-15', '0362483', '2023-05-21');
INSERT INTO Plates VALUES ('KI801UX', '2023-02-15', '0362483', FALSE);
INSERT INTO Revisions (plateNumber, revisionDate, outcome, motivation) VALUES ('KI801UX', '2023-05-17', 'negative', 'Targa persa o rubata');
INSERT INTO Vehicle VALUES ('6134066', 'Convertible', 'Audi', '2022-10-15');
INSERT INTO Vehicle VALUES ('2636247', 'Truck', 'Jaguar', '2023-01-31');
INSERT INTO ActivePlates VALUES ('MZ174RW', '2023-05-07', '2636247');
INSERT INTO Plates VALUES ('MZ174RW', '2023-05-07', '2636247', TRUE);
INSERT INTO Revisions (plateNumber, revisionDate, outcome, motivation) VALUES ('MZ174RW', '2023-07-13', 'positive', NULL);
INSERT INTO Revisions (plateNumber, revisionDate, outcome, motivation) VALUES ('MZ174RW', '2024-06-03', 'negative', 'Proprietario precedente non ha rivelato problemi');
INSERT INTO InactivePlates VALUES ('DA691MN', '2023-03-23', '2636247', '2023-03-29');
INSERT INTO Plates VALUES ('DA691MN', '2023-03-23', '2636247', FALSE);
INSERT INTO Revisions (plateNumber, revisionDate, outcome, motivation) VALUES ('DA691MN', '2023-03-28', 'negative', 'Veicolo non superato il test delle emissioni');
INSERT INTO Revisions (plateNumber, revisionDate, outcome, motivation) VALUES ('DA691MN', '2023-03-24', 'negative', 'Violazione delle normative ambientali');
INSERT INTO InactivePlates VALUES ('MH036KJ', '2023-02-13', '2636247', '2023-03-19');
INSERT INTO Plates VALUES ('MH036KJ', '2023-02-13', '2636247', FALSE);
INSERT INTO Revisions (plateNumber, revisionDate, outcome, motivation) VALUES ('MH036KJ', '2023-03-14', 'positive', NULL);
INSERT INTO Vehicle VALUES ('4838407', 'Truck', 'Jaguar', '2023-03-18');
INSERT INTO ActivePlates VALUES ('GJ102BQ', '2023-06-18', '4838407');
INSERT INTO Plates VALUES ('GJ102BQ', '2023-06-18', '4838407', TRUE);
INSERT INTO Revisions (plateNumber, revisionDate, outcome, motivation) VALUES ('GJ102BQ', '2023-10-26', 'positive', NULL);
INSERT INTO Revisions (plateNumber, revisionDate, outcome, motivation) VALUES ('GJ102BQ', '2024-05-28', 'positive', NULL);
INSERT INTO InactivePlates VALUES ('HY438JV', '2023-05-19', '4838407', '2023-05-28');
INSERT INTO Plates VALUES ('HY438JV', '2023-05-19', '4838407', FALSE);
INSERT INTO InactivePlates VALUES ('LT637TT', '2023-04-11', '4838407', '2023-05-17');
INSERT INTO Plates VALUES ('LT637TT', '2023-04-11', '4838407', FALSE);
INSERT INTO Revisions (plateNumber, revisionDate, outcome, motivation) VALUES ('LT637TT', '2023-05-12', 'positive', NULL);
INSERT INTO Vehicle VALUES ('6012627', 'Hatchback', 'Kia', '2023-03-14');
INSERT INTO ActivePlates VALUES ('BS974YT', '2023-06-23', '6012627');
INSERT INTO Plates VALUES ('BS974YT', '2023-06-23', '6012627', TRUE);
INSERT INTO Revisions (plateNumber, revisionDate, outcome, motivation) VALUES ('BS974YT', '2023-11-12', 'positive', NULL);
INSERT INTO InactivePlates VALUES ('BG541MC', '2023-05-14', '6012627', '2023-05-20');
INSERT INTO Plates VALUES ('BG541MC', '2023-05-14', '6012627', FALSE);
INSERT INTO Revisions (plateNumber, revisionDate, outcome, motivation) VALUES ('BG541MC', '2023-05-17', 'positive', NULL);
INSERT INTO Revisions (plateNumber, revisionDate, outcome, motivation) VALUES ('BG541MC', '2023-05-16', 'negative', 'Non conformità alle normative');
INSERT INTO InactivePlates VALUES ('PO914PQ', '2023-04-07', '6012627', '2023-04-17');
INSERT INTO Plates VALUES ('PO914PQ', '2023-04-07', '6012627', FALSE);
INSERT INTO Revisions (plateNumber, revisionDate, outcome, motivation) VALUES ('PO914PQ', '2023-04-10', 'positive', NULL);
INSERT INTO Vehicle VALUES ('8466401', 'Crossover', 'Toyota', '2023-06-12');
INSERT INTO ActivePlates VALUES ('DJ185QX', '2023-06-24', '8466401');
INSERT INTO Plates VALUES ('DJ185QX', '2023-06-24', '8466401', TRUE);
INSERT INTO Vehicle VALUES ('9563016', 'Sedan', 'BMW', '2023-03-24');
INSERT INTO ActivePlates VALUES ('ID171DR', '2023-04-03', '9563016');
INSERT INTO Plates VALUES ('ID171DR', '2023-04-03', '9563016', TRUE);
INSERT INTO Revisions (plateNumber, revisionDate, outcome, motivation) VALUES ('ID171DR', '2023-08-05', 'positive', NULL);
INSERT INTO Revisions (plateNumber, revisionDate, outcome, motivation) VALUES ('ID171DR', '2024-01-26', 'negative', 'Proprietario precedente non ha rivelato problemi');
INSERT INTO Revisions (plateNumber, revisionDate, outcome, motivation) VALUES ('ID171DR', '2023-04-20', 'positive', NULL);
INSERT INTO Vehicle VALUES ('9987769', 'Minivan', 'Toyota', '2023-01-21');
INSERT INTO InactivePlates VALUES ('MW512YV', '2023-02-04', '9987769', '2023-04-05');
INSERT INTO Plates VALUES ('MW512YV', '2023-02-04', '9987769', FALSE);
INSERT INTO Revisions (plateNumber, revisionDate, outcome, motivation) VALUES ('MW512YV', '2023-03-04', 'positive', NULL);
INSERT INTO Vehicle VALUES ('5274000', 'Coupe', 'Volkswagen', '2022-09-14');
INSERT INTO Vehicle VALUES ('6570524', 'Minivan', 'Honda', '2023-03-17');
INSERT INTO ActivePlates VALUES ('LK337RR', '2023-04-11', '6570524');
INSERT INTO Plates VALUES ('LK337RR', '2023-04-11', '6570524', TRUE);
INSERT INTO Revisions (plateNumber, revisionDate, outcome, motivation) VALUES ('LK337RR', '2023-12-20', 'positive', NULL);
INSERT INTO Revisions (plateNumber, revisionDate, outcome, motivation) VALUES ('LK337RR', '2023-07-30', 'negative', 'Veicolo considerato non sicuro per l''uso su strada');
INSERT INTO Vehicle VALUES ('2601335', 'Truck', 'Tesla', '2022-10-14');
INSERT INTO ActivePlates VALUES ('CK119PI', '2022-11-03', '2601335');
INSERT INTO Plates VALUES ('CK119PI', '2022-11-03', '2601335', TRUE);
INSERT INTO Vehicle VALUES ('5630899', 'Coupe', 'Chevrolet', '2022-12-22');
INSERT INTO ActivePlates VALUES ('TU371WB', '2023-01-19', '5630899');
INSERT INTO Plates VALUES ('TU371WB', '2023-01-19', '5630899', TRUE);
INSERT INTO Vehicle VALUES ('3039382', 'Coupe', 'Chevrolet', '2022-09-20');
INSERT INTO ActivePlates VALUES ('DB567OM', '2022-11-21', '3039382');
INSERT INTO Plates VALUES ('DB567OM', '2022-11-21', '3039382', TRUE);
INSERT INTO InactivePlates VALUES ('CQ306OQ', '2022-10-02', '3039382', '2022-10-12');
INSERT INTO Plates VALUES ('CQ306OQ', '2022-10-02', '3039382', FALSE);
INSERT INTO Vehicle VALUES ('7242226', 'Minivan', 'Mercedes-Benz', '2022-08-20');
INSERT INTO ActivePlates VALUES ('XT699VG', '2022-11-18', '7242226');
INSERT INTO Plates VALUES ('XT699VG', '2022-11-18', '7242226', TRUE);
INSERT INTO Revisions (plateNumber, revisionDate, outcome, motivation) VALUES ('XT699VG', '2023-10-20', 'positive', NULL);
INSERT INTO InactivePlates VALUES ('PG343GS', '2022-10-14', '7242226', '2022-10-19');
INSERT INTO Plates VALUES ('PG343GS', '2022-10-14', '7242226', FALSE);
INSERT INTO InactivePlates VALUES ('AM815PU', '2022-09-06', '7242226', '2022-09-14');
INSERT INTO Plates VALUES ('AM815PU', '2022-09-06', '7242226', FALSE);
INSERT INTO Revisions (plateNumber, revisionDate, outcome, motivation) VALUES ('AM815PU', '2022-09-07', 'positive', NULL);
INSERT INTO Vehicle VALUES ('2635853', 'Sedan', 'Toyota', '2023-03-02');
INSERT INTO ActivePlates VALUES ('GO496XZ', '2023-04-26', '2635853');
INSERT INTO Plates VALUES ('GO496XZ', '2023-04-26', '2635853', TRUE);
INSERT INTO InactivePlates VALUES ('IO911SI', '2023-03-16', '2635853', '2023-03-30');
INSERT INTO Plates VALUES ('IO911SI', '2023-03-16', '2635853', FALSE);
INSERT INTO Vehicle VALUES ('8127167', 'Crossover', 'Volkswagen', '2022-11-20');
INSERT INTO ActivePlates VALUES ('EJ306SN', '2023-01-28', '8127167');
INSERT INTO Plates VALUES ('EJ306SN', '2023-01-28', '8127167', TRUE);
INSERT INTO InactivePlates VALUES ('UR724FX', '2022-12-12', '8127167', '2023-01-27');
INSERT INTO Plates VALUES ('UR724FX', '2022-12-12', '8127167', FALSE);
INSERT INTO Revisions (plateNumber, revisionDate, outcome, motivation) VALUES ('UR724FX', '2023-01-08', 'negative', 'Targa danneggiata o manomessa');
INSERT INTO Vehicle VALUES ('2452682', 'Crossover', 'Kia', '2022-09-28');
INSERT INTO ActivePlates VALUES ('YE251GH', '2022-11-18', '2452682');
INSERT INTO Plates VALUES ('YE251GH', '2022-11-18', '2452682', TRUE);
INSERT INTO InactivePlates VALUES ('MH116DD', '2022-10-10', '2452682', '2022-11-10');
INSERT INTO Plates VALUES ('MH116DD', '2022-10-10', '2452682', FALSE);
INSERT INTO Vehicle VALUES ('9958893', 'SUV', 'BMW', '2022-08-25');
INSERT INTO InactivePlates VALUES ('DA226OI', '2022-09-09', '9958893', '2023-06-09');
INSERT INTO Plates VALUES ('DA226OI', '2022-09-09', '9958893', FALSE);
INSERT INTO Revisions (plateNumber, revisionDate, outcome, motivation) VALUES ('DA226OI', '2023-03-20', 'positive', NULL);
INSERT INTO Vehicle VALUES ('2842082', 'Truck', 'Ford', '2023-02-12');
INSERT INTO ActivePlates VALUES ('JU747FR', '2023-05-21', '2842082');
INSERT INTO Plates VALUES ('JU747FR', '2023-05-21', '2842082', TRUE);
INSERT INTO InactivePlates VALUES ('AC325FH', '2023-04-16', '2842082', '2023-05-04');
INSERT INTO Plates VALUES ('AC325FH', '2023-04-16', '2842082', FALSE);
INSERT INTO Revisions (plateNumber, revisionDate, outcome, motivation) VALUES ('AC325FH', '2023-04-21', 'positive', NULL);
INSERT INTO InactivePlates VALUES ('VM117US', '2023-02-27', '2842082', '2023-03-20');
INSERT INTO Plates VALUES ('VM117US', '2023-02-27', '2842082', FALSE);
INSERT INTO Vehicle VALUES ('6758165', 'Coupe', 'Ferrari', '2023-02-07');
INSERT INTO ActivePlates VALUES ('DO119FE', '2023-02-20', '6758165');
INSERT INTO Plates VALUES ('DO119FE', '2023-02-20', '6758165', TRUE);
INSERT INTO Vehicle VALUES ('7085800', 'Crossover', 'Toyota', '2022-10-10');
INSERT INTO ActivePlates VALUES ('TC036CC', '2022-12-09', '7085800');
INSERT INTO Plates VALUES ('TC036CC', '2022-12-09', '7085800', TRUE);
INSERT INTO InactivePlates VALUES ('VG869MF', '2022-11-02', '7085800', '2022-11-25');
INSERT INTO Plates VALUES ('VG869MF', '2022-11-02', '7085800', FALSE);
INSERT INTO Vehicle VALUES ('2154967', 'Minivan', 'Nissan', '2022-10-03');
INSERT INTO ActivePlates VALUES ('PC913ZY', '2023-01-14', '2154967');
INSERT INTO Plates VALUES ('PC913ZY', '2023-01-14', '2154967', TRUE);
INSERT INTO InactivePlates VALUES ('CQ207UZ', '2022-12-09', '2154967', '2023-01-08');
INSERT INTO Plates VALUES ('CQ207UZ', '2022-12-09', '2154967', FALSE);
INSERT INTO InactivePlates VALUES ('FA544ZI', '2022-10-24', '2154967', '2022-11-03');
INSERT INTO Plates VALUES ('FA544ZI', '2022-10-24', '2154967', FALSE);
INSERT INTO Vehicle VALUES ('0619552', 'Crossover', 'Mercedes-Benz', '2022-09-16');
INSERT INTO InactivePlates VALUES ('LP042HM', '2022-09-26', '0619552', '2023-06-20');
INSERT INTO Plates VALUES ('LP042HM', '2022-09-26', '0619552', FALSE);
INSERT INTO Revisions (plateNumber, revisionDate, outcome, motivation) VALUES ('LP042HM', '2022-11-16', 'positive', NULL);
INSERT INTO Vehicle VALUES ('6552989', 'Sports Car', 'Ford', '2022-09-06');
INSERT INTO InactivePlates VALUES ('ZK617KJ', '2022-12-15', '6552989', '2024-06-10');
INSERT INTO Plates VALUES ('ZK617KJ', '2022-12-15', '6552989', FALSE);
INSERT INTO Revisions (plateNumber, revisionDate, outcome, motivation) VALUES ('ZK617KJ', '2023-08-06', 'negative', 'Veicolo coinvolto in incidente');
INSERT INTO InactivePlates VALUES ('XU465EX', '2022-11-08', '6552989', '2022-12-02');
INSERT INTO Plates VALUES ('XU465EX', '2022-11-08', '6552989', FALSE);
INSERT INTO Revisions (plateNumber, revisionDate, outcome, motivation) VALUES ('XU465EX', '2022-12-02', 'negative', 'Scoperte problematiche di sicurezza durante l''ispezione');
INSERT INTO InactivePlates VALUES ('FX660UB', '2022-10-03', '6552989', '2022-11-05');
INSERT INTO Plates VALUES ('FX660UB', '2022-10-03', '6552989', FALSE);
INSERT INTO Revisions (plateNumber, revisionDate, outcome, motivation) VALUES ('FX660UB', '2022-11-01', 'positive', NULL);
INSERT INTO Vehicle VALUES ('0280699', 'Sports Car', 'Audi', '2022-08-26');
INSERT INTO Vehicle VALUES ('8699093', 'SUV', 'Honda', '2023-01-02');
INSERT INTO InactivePlates VALUES ('IE050JF', '2023-04-24', '8699093', '2023-07-22');
INSERT INTO Plates VALUES ('IE050JF', '2023-04-24', '8699093', FALSE);
INSERT INTO Revisions (plateNumber, revisionDate, outcome, motivation) VALUES ('IE050JF', '2023-05-07', 'positive', NULL);
INSERT INTO InactivePlates VALUES ('QP339TH', '2023-03-07', '8699093', '2023-04-14');
INSERT INTO Plates VALUES ('QP339TH', '2023-03-07', '8699093', FALSE);
INSERT INTO Revisions (plateNumber, revisionDate, outcome, motivation) VALUES ('QP339TH', '2023-03-10', 'negative', 'Non conformità alle normative');
INSERT INTO InactivePlates VALUES ('BV529QI', '2023-01-25', '8699093', '2023-02-03');
INSERT INTO Plates VALUES ('BV529QI', '2023-01-25', '8699093', FALSE);
INSERT INTO Revisions (plateNumber, revisionDate, outcome, motivation) VALUES ('BV529QI', '2023-02-01', 'negative', 'Scoperte problematiche di sicurezza durante l''ispezione');
INSERT INTO Vehicle VALUES ('5284031', 'Truck', 'Chevrolet', '2023-04-08');
INSERT INTO ActivePlates VALUES ('DC741ZV', '2023-07-22', '5284031');
INSERT INTO Plates VALUES ('DC741ZV', '2023-07-22', '5284031', TRUE);
INSERT INTO Revisions (plateNumber, revisionDate, outcome, motivation) VALUES ('DC741ZV', '2024-05-26', 'negative', 'Veicolo segnalato come rubato');
INSERT INTO Revisions (plateNumber, revisionDate, outcome, motivation) VALUES ('DC741ZV', '2023-10-09', 'positive', NULL);
INSERT INTO InactivePlates VALUES ('JN130WM', '2023-06-12', '5284031', '2023-06-25');
INSERT INTO Plates VALUES ('JN130WM', '2023-06-12', '5284031', FALSE);
INSERT INTO InactivePlates VALUES ('OI337VT', '2023-04-26', '5284031', '2023-06-10');
INSERT INTO Plates VALUES ('OI337VT', '2023-04-26', '5284031', FALSE);
INSERT INTO Revisions (plateNumber, revisionDate, outcome, motivation) VALUES ('OI337VT', '2023-05-25', 'positive', NULL);
INSERT INTO Vehicle VALUES ('1323342', 'Convertible', 'Kia', '2022-12-14');
INSERT INTO InactivePlates VALUES ('AA770OR', '2022-12-25', '1323342', '2023-06-10');
INSERT INTO Plates VALUES ('AA770OR', '2022-12-25', '1323342', FALSE);
INSERT INTO Revisions (plateNumber, revisionDate, outcome, motivation) VALUES ('AA770OR', '2023-02-09', 'positive', NULL);
INSERT INTO Vehicle VALUES ('8717315', 'Sedan', 'Volkswagen', '2022-09-23');
INSERT INTO ActivePlates VALUES ('DQ184BN', '2022-10-19', '8717315');
INSERT INTO Plates VALUES ('DQ184BN', '2022-10-19', '8717315', TRUE);
INSERT INTO Vehicle VALUES ('1058745', 'SUV', 'Kia', '2023-01-25');
INSERT INTO ActivePlates VALUES ('MV922LA', '2023-05-04', '1058745');
INSERT INTO Plates VALUES ('MV922LA', '2023-05-04', '1058745', TRUE);
INSERT INTO Revisions (plateNumber, revisionDate, outcome, motivation) VALUES ('MV922LA', '2024-05-19', 'negative', 'Veicolo segnalato come rubato');
INSERT INTO Revisions (plateNumber, revisionDate, outcome, motivation) VALUES ('MV922LA', '2023-07-14', 'positive', NULL);
INSERT INTO InactivePlates VALUES ('GQ257NZ', '2023-03-19', '1058745', '2023-04-30');
INSERT INTO Plates VALUES ('GQ257NZ', '2023-03-19', '1058745', FALSE);
INSERT INTO InactivePlates VALUES ('JY098ER', '2023-02-09', '1058745', '2023-03-09');
INSERT INTO Plates VALUES ('JY098ER', '2023-02-09', '1058745', FALSE);
INSERT INTO Vehicle VALUES ('8144936', 'Truck', 'Ford', '2022-08-13');
INSERT INTO ActivePlates VALUES ('TU837QW', '2022-08-25', '8144936');
INSERT INTO Plates VALUES ('TU837QW', '2022-08-25', '8144936', TRUE);
INSERT INTO Revisions (plateNumber, revisionDate, outcome, motivation) VALUES ('TU837QW', '2022-09-02', 'negative', 'Proprietario precedente non ha rivelato problemi');
INSERT INTO Revisions (plateNumber, revisionDate, outcome, motivation) VALUES ('TU837QW', '2024-05-06', 'positive', NULL);
INSERT INTO Vehicle VALUES ('3414658', 'Sports Car', 'Nissan', '2023-02-24');
INSERT INTO ActivePlates VALUES ('VK265ST', '2023-06-09', '3414658');
INSERT INTO Plates VALUES ('VK265ST', '2023-06-09', '3414658', TRUE);
INSERT INTO InactivePlates VALUES ('BY143WF', '2023-04-28', '3414658', '2023-05-21');
INSERT INTO Plates VALUES ('BY143WF', '2023-04-28', '3414658', FALSE);
INSERT INTO Revisions (plateNumber, revisionDate, outcome, motivation) VALUES ('BY143WF', '2023-05-01', 'negative', 'Scoperte problematiche di sicurezza durante l''ispezione');
INSERT INTO Revisions (plateNumber, revisionDate, outcome, motivation) VALUES ('BY143WF', '2023-05-21', 'negative', 'Targa associata ad attività criminali');
INSERT INTO Revisions (plateNumber, revisionDate, outcome, motivation) VALUES ('BY143WF', '2023-05-10', 'positive', NULL);
INSERT INTO InactivePlates VALUES ('BV034HT', '2023-03-24', '3414658', '2023-04-06');
INSERT INTO Plates VALUES ('BV034HT', '2023-03-24', '3414658', FALSE);
INSERT INTO Revisions (plateNumber, revisionDate, outcome, motivation) VALUES ('BV034HT', '2023-04-03', 'positive', NULL);
INSERT INTO Revisions (plateNumber, revisionDate, outcome, motivation) VALUES ('BV034HT', '2023-04-04', 'positive', NULL);
INSERT INTO Vehicle VALUES ('0886232', 'SUV', 'Ferrari', '2022-09-14');
INSERT INTO ActivePlates VALUES ('JP589MI', '2022-11-22', '0886232');
INSERT INTO Plates VALUES ('JP589MI', '2022-11-22', '0886232', TRUE);
INSERT INTO Revisions (plateNumber, revisionDate, outcome, motivation) VALUES ('JP589MI', '2023-04-06', 'negative', 'Targa associata ad attività criminali');
INSERT INTO Revisions (plateNumber, revisionDate, outcome, motivation) VALUES ('JP589MI', '2024-03-13', 'positive', NULL);
INSERT INTO InactivePlates VALUES ('JH855QT', '2022-10-13', '0886232', '2022-11-12');
INSERT INTO Plates VALUES ('JH855QT', '2022-10-13', '0886232', FALSE);
INSERT INTO Revisions (plateNumber, revisionDate, outcome, motivation) VALUES ('JH855QT', '2022-10-16', 'positive', NULL);
INSERT INTO Vehicle VALUES ('3254178', 'Truck', 'Subaru', '2023-05-07');
INSERT INTO Vehicle VALUES ('4690288', 'Hatchback', 'Volvo', '2022-08-21');
INSERT INTO ActivePlates VALUES ('UF918HT', '2022-09-06', '4690288');
INSERT INTO Plates VALUES ('UF918HT', '2022-09-06', '4690288', TRUE);
INSERT INTO Vehicle VALUES ('1946791', 'Coupe', 'Audi', '2022-11-22');
INSERT INTO ActivePlates VALUES ('BA102BI', '2022-12-13', '1946791');
INSERT INTO Plates VALUES ('BA102BI', '2022-12-13', '1946791', TRUE);
INSERT INTO Revisions (plateNumber, revisionDate, outcome, motivation) VALUES ('BA102BI', '2024-06-07', 'positive', NULL);
INSERT INTO Revisions (plateNumber, revisionDate, outcome, motivation) VALUES ('BA102BI', '2023-07-02', 'negative', 'Mancato pagamento di multe o tasse');
INSERT INTO Vehicle VALUES ('1790737', 'Truck', 'Mercedes-Benz', '2023-01-22');
INSERT INTO InactivePlates VALUES ('FU820GM', '2023-04-28', '1790737', '2023-05-15');
INSERT INTO Plates VALUES ('FU820GM', '2023-04-28', '1790737', FALSE);
INSERT INTO Revisions (plateNumber, revisionDate, outcome, motivation) VALUES ('FU820GM', '2023-04-29', 'negative', 'Targa danneggiata o manomessa');
INSERT INTO InactivePlates VALUES ('MI953KF', '2023-03-22', '1790737', '2023-04-12');
INSERT INTO Plates VALUES ('MI953KF', '2023-03-22', '1790737', FALSE);
INSERT INTO Revisions (plateNumber, revisionDate, outcome, motivation) VALUES ('MI953KF', '2023-03-31', 'negative', 'Modifiche illegali apportate al veicolo');
INSERT INTO InactivePlates VALUES ('PU296QH', '2023-02-12', '1790737', '2023-02-25');
INSERT INTO Plates VALUES ('PU296QH', '2023-02-12', '1790737', FALSE);
INSERT INTO Revisions (plateNumber, revisionDate, outcome, motivation) VALUES ('PU296QH', '2023-02-16', 'negative', 'Registrazione scaduta');
INSERT INTO Vehicle VALUES ('4337387', 'Coupe', 'Tesla', '2022-10-31');
INSERT INTO ActivePlates VALUES ('RT268DL', '2023-01-02', '4337387');
INSERT INTO Plates VALUES ('RT268DL', '2023-01-02', '4337387', TRUE);
INSERT INTO Revisions (plateNumber, revisionDate, outcome, motivation) VALUES ('RT268DL', '2024-02-21', 'negative', 'Violazione delle normative ambientali');
INSERT INTO InactivePlates VALUES ('OO504VY', '2022-11-16', '4337387', '2022-12-14');
INSERT INTO Plates VALUES ('OO504VY', '2022-11-16', '4337387', FALSE);
INSERT INTO Vehicle VALUES ('9013608', 'Sports Car', 'Mazda', '2023-03-12');
INSERT INTO Vehicle VALUES ('1135601', 'Coupe', 'Nissan', '2023-03-15');
INSERT INTO InactivePlates VALUES ('TE233DQ', '2023-04-04', '1135601', '2024-03-10');
INSERT INTO Plates VALUES ('TE233DQ', '2023-04-04', '1135601', FALSE);
INSERT INTO Revisions (plateNumber, revisionDate, outcome, motivation) VALUES ('TE233DQ', '2023-12-17', 'negative', 'Veicolo considerato non sicuro per l''uso su strada');
INSERT INTO Vehicle VALUES ('9145216', 'Crossover', 'Ford', '2022-11-30');
INSERT INTO ActivePlates VALUES ('XX039TT', '2023-02-28', '9145216');
INSERT INTO Plates VALUES ('XX039TT', '2023-02-28', '9145216', TRUE);
INSERT INTO Revisions (plateNumber, revisionDate, outcome, motivation) VALUES ('XX039TT', '2023-06-06', 'negative', 'Registrazione scaduta');
INSERT INTO InactivePlates VALUES ('LK729ZK', '2023-01-26', '9145216', '2023-02-23');
INSERT INTO Plates VALUES ('LK729ZK', '2023-01-26', '9145216', FALSE);
INSERT INTO Revisions (plateNumber, revisionDate, outcome, motivation) VALUES ('LK729ZK', '2023-02-22', 'positive', NULL);
INSERT INTO InactivePlates VALUES ('UY358UD', '2022-12-15', '9145216', '2022-12-31');
INSERT INTO Plates VALUES ('UY358UD', '2022-12-15', '9145216', FALSE);
INSERT INTO Vehicle VALUES ('8071790', 'Crossover', 'Audi', '2022-10-09');
INSERT INTO InactivePlates VALUES ('XV792GT', '2022-11-07', '8071790', '2023-12-13');
INSERT INTO Plates VALUES ('XV792GT', '2022-11-07', '8071790', FALSE);
INSERT INTO Revisions (plateNumber, revisionDate, outcome, motivation) VALUES ('XV792GT', '2023-12-10', 'negative', 'Registrazione scaduta');
INSERT INTO Vehicle VALUES ('2672598', 'Convertible', 'Ford', '2022-07-16');
INSERT INTO InactivePlates VALUES ('VN831LF', '2022-09-07', '2672598', '2022-09-24');
INSERT INTO Plates VALUES ('VN831LF', '2022-09-07', '2672598', FALSE);
INSERT INTO Revisions (plateNumber, revisionDate, outcome, motivation) VALUES ('VN831LF', '2022-09-22', 'positive', NULL);
INSERT INTO InactivePlates VALUES ('HB405JB', '2022-08-03', '2672598', '2022-08-13');
INSERT INTO Plates VALUES ('HB405JB', '2022-08-03', '2672598', FALSE);
INSERT INTO Revisions (plateNumber, revisionDate, outcome, motivation) VALUES ('HB405JB', '2022-08-10', 'negative', 'Non conformità alle normative');
INSERT INTO Vehicle VALUES ('3547975', 'Coupe', 'Jaguar', '2022-12-20');
INSERT INTO ActivePlates VALUES ('AL431TA', '2023-01-09', '3547975');
INSERT INTO Plates VALUES ('AL431TA', '2023-01-09', '3547975', TRUE);
INSERT INTO Vehicle VALUES ('6409297', 'Crossover', 'Nissan', '2023-04-13');
INSERT INTO ActivePlates VALUES ('UB199ZU', '2023-07-20', '6409297');
INSERT INTO Plates VALUES ('UB199ZU', '2023-07-20', '6409297', TRUE);
INSERT INTO Revisions (plateNumber, revisionDate, outcome, motivation) VALUES ('UB199ZU', '2024-05-05', 'negative', 'Registrazione fraudolenta');
INSERT INTO InactivePlates VALUES ('CR186YV', '2023-06-09', '6409297', '2023-07-10');
INSERT INTO Plates VALUES ('CR186YV', '2023-06-09', '6409297', FALSE);
INSERT INTO Revisions (plateNumber, revisionDate, outcome, motivation) VALUES ('CR186YV', '2023-06-16', 'positive', NULL);
INSERT INTO InactivePlates VALUES ('VD082MK', '2023-04-30', '6409297', '2023-05-28');
INSERT INTO Plates VALUES ('VD082MK', '2023-04-30', '6409297', FALSE);
INSERT INTO Revisions (plateNumber, revisionDate, outcome, motivation) VALUES ('VD082MK', '2023-05-25', 'negative', 'Veicolo coinvolto in incidente');
INSERT INTO Vehicle VALUES ('5628866', 'Convertible', 'Nissan', '2023-05-31');
INSERT INTO ActivePlates VALUES ('DV354HU', '2023-09-09', '5628866');
INSERT INTO Plates VALUES ('DV354HU', '2023-09-09', '5628866', TRUE);
INSERT INTO InactivePlates VALUES ('NA049DM', '2023-07-24', '5628866', '2023-08-20');
INSERT INTO Plates VALUES ('NA049DM', '2023-07-24', '5628866', FALSE);
INSERT INTO Revisions (plateNumber, revisionDate, outcome, motivation) VALUES ('NA049DM', '2023-08-04', 'negative', 'Mancato pagamento di multe o tasse');
INSERT INTO InactivePlates VALUES ('NR618AF', '2023-06-14', '5628866', '2023-07-04');
INSERT INTO Plates VALUES ('NR618AF', '2023-06-14', '5628866', FALSE);
INSERT INTO Vehicle VALUES ('1822514', 'Minivan', 'Tesla', '2022-12-03');
INSERT INTO Vehicle VALUES ('7352177', 'Sedan', 'Lexus', '2023-05-18');
INSERT INTO InactivePlates VALUES ('AK089WP', '2023-07-21', '7352177', '2023-10-07');
INSERT INTO Plates VALUES ('AK089WP', '2023-07-21', '7352177', FALSE);
INSERT INTO Revisions (plateNumber, revisionDate, outcome, motivation) VALUES ('AK089WP', '2023-08-21', 'negative', 'Veicolo segnalato come rubato');
INSERT INTO InactivePlates VALUES ('OO507XD', '2023-06-12', '7352177', '2023-07-11');
INSERT INTO Plates VALUES ('OO507XD', '2023-06-12', '7352177', FALSE);
INSERT INTO Revisions (plateNumber, revisionDate, outcome, motivation) VALUES ('OO507XD', '2023-06-21', 'negative', 'Scoperte problematiche di sicurezza durante l''ispezione');
INSERT INTO Vehicle VALUES ('7405082', 'Crossover', 'Porsche', '2022-08-27');
INSERT INTO Vehicle VALUES ('2005664', 'Hatchback', 'Toyota', '2023-05-25');
INSERT INTO InactivePlates VALUES ('FJ994YH', '2023-06-21', '2005664', '2024-01-04');
INSERT INTO Plates VALUES ('FJ994YH', '2023-06-21', '2005664', FALSE);
INSERT INTO Revisions (plateNumber, revisionDate, outcome, motivation) VALUES ('FJ994YH', '2023-08-01', 'positive', NULL);
INSERT INTO Vehicle VALUES ('8490551', 'Sedan', 'Jeep', '2022-08-19');
INSERT INTO ActivePlates VALUES ('BM316OD', '2022-09-18', '8490551');
INSERT INTO Plates VALUES ('BM316OD', '2022-09-18', '8490551', TRUE);
INSERT INTO Vehicle VALUES ('1867159', 'Sports Car', 'Jeep', '2023-03-01');
INSERT INTO ActivePlates VALUES ('UG701FF', '2023-06-15', '1867159');
INSERT INTO Plates VALUES ('UG701FF', '2023-06-15', '1867159', TRUE);
INSERT INTO InactivePlates VALUES ('JP884QG', '2023-05-02', '1867159', '2023-05-28');
INSERT INTO Plates VALUES ('JP884QG', '2023-05-02', '1867159', FALSE);
INSERT INTO Revisions (plateNumber, revisionDate, outcome, motivation) VALUES ('JP884QG', '2023-05-10', 'positive', NULL);
INSERT INTO InactivePlates VALUES ('FM067HC', '2023-03-21', '1867159', '2023-04-28');
INSERT INTO Plates VALUES ('FM067HC', '2023-03-21', '1867159', FALSE);
INSERT INTO Vehicle VALUES ('6925617', 'Convertible', 'Ferrari', '2022-11-04');
INSERT INTO InactivePlates VALUES ('JS540IZ', '2022-11-30', '6925617', '2023-07-11');
INSERT INTO Plates VALUES ('JS540IZ', '2022-11-30', '6925617', FALSE);
INSERT INTO Revisions (plateNumber, revisionDate, outcome, motivation) VALUES ('JS540IZ', '2023-01-14', 'negative', 'Scoperte problematiche di sicurezza durante l''ispezione');
INSERT INTO Vehicle VALUES ('8584551', 'Sedan', 'Ford', '2022-07-12');
INSERT INTO InactivePlates VALUES ('IF748UY', '2022-08-02', '8584551', '2022-10-16');
INSERT INTO Plates VALUES ('IF748UY', '2022-08-02', '8584551', FALSE);
INSERT INTO Revisions (plateNumber, revisionDate, outcome, motivation) VALUES ('IF748UY', '2022-10-08', 'positive', NULL);
INSERT INTO Vehicle VALUES ('5860256', 'Coupe', 'Lexus', '2022-08-11');
INSERT INTO ActivePlates VALUES ('DE144VJ', '2022-10-07', '5860256');
INSERT INTO Plates VALUES ('DE144VJ', '2022-10-07', '5860256', TRUE);
INSERT INTO Revisions (plateNumber, revisionDate, outcome, motivation) VALUES ('DE144VJ', '2022-11-18', 'negative', 'Veicolo considerato non sicuro per l''uso su strada');
INSERT INTO InactivePlates VALUES ('EA837RF', '2022-09-01', '5860256', '2022-09-20');
INSERT INTO Plates VALUES ('EA837RF', '2022-09-01', '5860256', FALSE);
INSERT INTO Revisions (plateNumber, revisionDate, outcome, motivation) VALUES ('EA837RF', '2022-09-03', 'positive', NULL);
INSERT INTO Revisions (plateNumber, revisionDate, outcome, motivation) VALUES ('EA837RF', '2022-09-07', 'negative', 'Violazione delle normative ambientali');
INSERT INTO Vehicle VALUES ('9214840', 'Convertible', 'Ferrari', '2023-06-21');
INSERT INTO ActivePlates VALUES ('WE194JU', '2023-10-13', '9214840');
INSERT INTO Plates VALUES ('WE194JU', '2023-10-13', '9214840', TRUE);
INSERT INTO InactivePlates VALUES ('BL226JO', '2023-09-05', '9214840', '2023-09-28');
INSERT INTO Plates VALUES ('BL226JO', '2023-09-05', '9214840', FALSE);
INSERT INTO InactivePlates VALUES ('EN298TZ', '2023-07-20', '9214840', '2023-08-17');
INSERT INTO Plates VALUES ('EN298TZ', '2023-07-20', '9214840', FALSE);
INSERT INTO Vehicle VALUES ('1554385', 'Crossover', 'Kia', '2023-05-22');
INSERT INTO Vehicle VALUES ('5092041', 'SUV', 'Lexus', '2022-11-29');
INSERT INTO InactivePlates VALUES ('EQ815PK', '2022-12-29', '5092041', '2023-08-30');
INSERT INTO Plates VALUES ('EQ815PK', '2022-12-29', '5092041', FALSE);
INSERT INTO Revisions (plateNumber, revisionDate, outcome, motivation) VALUES ('EQ815PK', '2023-06-19', 'positive', NULL);
INSERT INTO Vehicle VALUES ('0120411', 'Hatchback', 'Subaru', '2023-03-28');
INSERT INTO Vehicle VALUES ('2899078', 'Truck', 'Hyundai', '2023-01-25');
INSERT INTO InactivePlates VALUES ('CJ718RY', '2023-05-16', '2899078', '2023-09-17');
INSERT INTO Plates VALUES ('CJ718RY', '2023-05-16', '2899078', FALSE);
INSERT INTO Revisions (plateNumber, revisionDate, outcome, motivation) VALUES ('CJ718RY', '2023-09-01', 'positive', NULL);
INSERT INTO InactivePlates VALUES ('JZ192ET', '2023-04-12', '2899078', '2023-05-13');
INSERT INTO Plates VALUES ('JZ192ET', '2023-04-12', '2899078', FALSE);
INSERT INTO Revisions (plateNumber, revisionDate, outcome, motivation) VALUES ('JZ192ET', '2023-05-11', 'negative', 'Veicolo non superato il test delle emissioni');
INSERT INTO InactivePlates VALUES ('LY903XY', '2023-02-22', '2899078', '2023-03-07');
INSERT INTO Plates VALUES ('LY903XY', '2023-02-22', '2899078', FALSE);
INSERT INTO Revisions (plateNumber, revisionDate, outcome, motivation) VALUES ('LY903XY', '2023-03-05', 'negative', 'Violazione delle leggi sul traffico');
INSERT INTO Vehicle VALUES ('3366723', 'Hatchback', 'Toyota', '2022-09-08');
INSERT INTO InactivePlates VALUES ('ZC858TR', '2022-11-05', '3366723', '2023-09-09');
INSERT INTO Plates VALUES ('ZC858TR', '2022-11-05', '3366723', FALSE);
INSERT INTO Revisions (plateNumber, revisionDate, outcome, motivation) VALUES ('ZC858TR', '2022-12-16', 'negative', 'Targa danneggiata o manomessa');
INSERT INTO InactivePlates VALUES ('KS155BM', '2022-09-30', '3366723', '2022-10-13');
INSERT INTO Plates VALUES ('KS155BM', '2022-09-30', '3366723', FALSE);
INSERT INTO Revisions (plateNumber, revisionDate, outcome, motivation) VALUES ('KS155BM', '2022-10-06', 'negative', 'Documentazione errata presentata');
INSERT INTO Vehicle VALUES ('8611784', 'Convertible', 'Mercedes-Benz', '2022-10-13');
INSERT INTO Vehicle VALUES ('9192779', 'SUV', 'Jeep', '2022-08-01');
INSERT INTO InactivePlates VALUES ('TU060UE', '2022-11-08', '9192779', '2022-11-23');
INSERT INTO Plates VALUES ('TU060UE', '2022-11-08', '9192779', FALSE);
INSERT INTO Revisions (plateNumber, revisionDate, outcome, motivation) VALUES ('TU060UE', '2022-11-12', 'negative', 'Violazione delle normative ambientali');
INSERT INTO InactivePlates VALUES ('UH280JD', '2022-09-25', '9192779', '2022-10-06');
INSERT INTO Plates VALUES ('UH280JD', '2022-09-25', '9192779', FALSE);
INSERT INTO Revisions (plateNumber, revisionDate, outcome, motivation) VALUES ('UH280JD', '2022-10-04', 'negative', 'Proprietario precedente non ha rivelato problemi');
INSERT INTO InactivePlates VALUES ('IX860MB', '2022-08-18', '9192779', '2022-08-28');
INSERT INTO Plates VALUES ('IX860MB', '2022-08-18', '9192779', FALSE);
INSERT INTO Revisions (plateNumber, revisionDate, outcome, motivation) VALUES ('IX860MB', '2022-08-23', 'negative', 'Veicolo non superato il test delle emissioni');
INSERT INTO Vehicle VALUES ('8845753', 'Convertible', 'BMW', '2022-07-19');
INSERT INTO ActivePlates VALUES ('ZW799UT', '2022-10-28', '8845753');
INSERT INTO Plates VALUES ('ZW799UT', '2022-10-28', '8845753', TRUE);
INSERT INTO InactivePlates VALUES ('AZ697QU', '2022-09-13', '8845753', '2022-09-25');
INSERT INTO Plates VALUES ('AZ697QU', '2022-09-13', '8845753', FALSE);
INSERT INTO InactivePlates VALUES ('ER438SU', '2022-08-05', '8845753', '2022-08-10');
INSERT INTO Plates VALUES ('ER438SU', '2022-08-05', '8845753', FALSE);
INSERT INTO Revisions (plateNumber, revisionDate, outcome, motivation) VALUES ('ER438SU', '2022-08-08', 'positive', NULL);
INSERT INTO Vehicle VALUES ('8888402', 'Truck', 'Hyundai', '2023-03-05');
INSERT INTO Vehicle VALUES ('5929868', 'Hatchback', 'Kia', '2023-04-26');
INSERT INTO ActivePlates VALUES ('UE928BL', '2023-05-09', '5929868');
INSERT INTO Plates VALUES ('UE928BL', '2023-05-09', '5929868', TRUE);
INSERT INTO Revisions (plateNumber, revisionDate, outcome, motivation) VALUES ('UE928BL', '2023-09-11', 'positive', NULL);
