CREATE TABLE IF NOT EXISTS Vehicle (
                    number VARCHAR(7) PRIMARY KEY,
                    model VARCHAR(20),
                    brand VARCHAR(20),
                    prodDate DATE);
CREATE TABLE IF NOT EXISTS ActivePlates (
                    number VARCHAR(7) PRIMARY KEY,
                    emissionDate DATE,
                    vehicleNumber VARCHAR(7),
                    FOREIGN KEY(vehicleNumber) REFERENCES Vehicle(number));
CREATE TABLE IF NOT EXISTS InactivePlates (
                    number VARCHAR(7) PRIMARY KEY,
                    emissionDate DATE,
                    vehicleNumber VARCHAR(7),
                    resDate DATE,
                    FOREIGN KEY(vehicleNumber) REFERENCES Vehicle(number));
CREATE TABLE IF NOT EXISTS Plates (
                    number VARCHAR(7) PRIMARY KEY,
                    emissionDate DATE,
                    vehicleNumber VARCHAR(7),
                    active BOOLEAN,
                    FOREIGN KEY(vehicleNumber) REFERENCES Vehicle(number));
CREATE TABLE IF NOT EXISTS Revisions (
                    id SERIAL PRIMARY KEY,
                    plateNumber VARCHAR(7),
                    revisionDate DATE,
                    outcome VARCHAR(10),
                    motivation TEXT,
                    FOREIGN KEY(plateNumber) REFERENCES Plates(number));
INSERT INTO Vehicle VALUES ('1240449', 'Coupe', 'Ferrari', '2023-05-10');
INSERT INTO ActivePlates VALUES ('FO738XY', '2023-06-08', '1240449');
INSERT INTO Plates VALUES ('FO738XY', '2023-06-08', '1240449', TRUE);
INSERT INTO Revisions (plateNumber, revisionDate, outcome, motivation) VALUES ('FO738XY', '2024-01-19', 'positive', NULL);
INSERT INTO Vehicle VALUES ('3165498', 'Hatchback', 'Honda', '2022-11-29');
INSERT INTO ActivePlates VALUES ('BB950XT', '2023-03-22', '3165498');
INSERT INTO Plates VALUES ('BB950XT', '2023-03-22', '3165498', TRUE);
INSERT INTO Revisions (plateNumber, revisionDate, outcome, motivation) VALUES ('BB950XT', '2024-03-24', 'negative', 'Targa danneggiata o manomessa');
INSERT INTO InactivePlates VALUES ('RV625DM', '2023-02-05', '3165498', '2023-03-12');
INSERT INTO Plates VALUES ('RV625DM', '2023-02-05', '3165498', FALSE);
INSERT INTO InactivePlates VALUES ('AY301DV', '2022-12-22', '3165498', '2023-02-02');
INSERT INTO Plates VALUES ('AY301DV', '2022-12-22', '3165498', FALSE);
INSERT INTO Revisions (plateNumber, revisionDate, outcome, motivation) VALUES ('AY301DV', '2023-01-03', 'negative', 'Modifiche improprie apportate al veicolo');
INSERT INTO Vehicle VALUES ('4714033', 'Sedan', 'Mazda', '2023-05-23');
INSERT INTO ActivePlates VALUES ('IP988ZB', '2023-06-08', '4714033');
INSERT INTO Plates VALUES ('IP988ZB', '2023-06-08', '4714033', TRUE);
INSERT INTO Vehicle VALUES ('8758077', 'Sports Car', 'Audi', '2023-03-27');
INSERT INTO Vehicle VALUES ('6449093', 'Sports Car', 'Kia', '2022-09-16');
INSERT INTO ActivePlates VALUES ('BJ410BD', '2022-11-12', '6449093');
INSERT INTO Plates VALUES ('BJ410BD', '2022-11-12', '6449093', TRUE);
INSERT INTO InactivePlates VALUES ('MY423XU', '2022-10-12', '6449093', '2022-11-03');
INSERT INTO Plates VALUES ('MY423XU', '2022-10-12', '6449093', FALSE);
INSERT INTO Vehicle VALUES ('7203896', 'Hatchback', 'BMW', '2022-08-08');
INSERT INTO ActivePlates VALUES ('JF613CN', '2022-09-07', '7203896');
INSERT INTO Plates VALUES ('JF613CN', '2022-09-07', '7203896', TRUE);
INSERT INTO Vehicle VALUES ('7675107', 'SUV', 'Mazda', '2022-09-22');
INSERT INTO ActivePlates VALUES ('DS976YW', '2022-11-20', '7675107');
INSERT INTO Plates VALUES ('DS976YW', '2022-11-20', '7675107', TRUE);
INSERT INTO Revisions (plateNumber, revisionDate, outcome, motivation) VALUES ('DS976YW', '2023-04-11', 'negative', 'Non conformità alle normative');
INSERT INTO InactivePlates VALUES ('VF132EO', '2022-10-15', '7675107', '2022-11-06');
INSERT INTO Plates VALUES ('VF132EO', '2022-10-15', '7675107', FALSE);
INSERT INTO Revisions (plateNumber, revisionDate, outcome, motivation) VALUES ('VF132EO', '2022-10-25', 'negative', 'Documentazione errata presentata');
INSERT INTO Revisions (plateNumber, revisionDate, outcome, motivation) VALUES ('VF132EO', '2022-11-06', 'negative', 'Targa associata ad attività criminali');
INSERT INTO Vehicle VALUES ('5536306', 'Coupe', 'Chevrolet', '2022-09-04');
INSERT INTO ActivePlates VALUES ('LL692WA', '2022-11-04', '5536306');
INSERT INTO Plates VALUES ('LL692WA', '2022-11-04', '5536306', TRUE);
INSERT INTO InactivePlates VALUES ('ZL435HP', '2022-10-03', '5536306', '2022-10-26');
INSERT INTO Plates VALUES ('ZL435HP', '2022-10-03', '5536306', FALSE);
INSERT INTO Revisions (plateNumber, revisionDate, outcome, motivation) VALUES ('ZL435HP', '2022-10-25', 'negative', 'Modifiche improprie apportate al veicolo');
INSERT INTO Vehicle VALUES ('3124061', 'Crossover', 'Honda', '2022-11-10');
INSERT INTO InactivePlates VALUES ('IC653DG', '2022-11-27', '3124061', '2023-05-18');
INSERT INTO Plates VALUES ('IC653DG', '2022-11-27', '3124061', FALSE);
INSERT INTO Revisions (plateNumber, revisionDate, outcome, motivation) VALUES ('IC653DG', '2023-03-22', 'negative', 'Targa danneggiata o manomessa');
INSERT INTO Vehicle VALUES ('7946935', 'Truck', 'Jeep', '2023-07-24');
INSERT INTO InactivePlates VALUES ('OX480NQ', '2023-09-24', '7946935', '2024-05-04');
INSERT INTO Plates VALUES ('OX480NQ', '2023-09-24', '7946935', FALSE);
INSERT INTO Revisions (plateNumber, revisionDate, outcome, motivation) VALUES ('OX480NQ', '2024-01-16', 'negative', 'Falsificazione o contraffazione di documenti');
INSERT INTO InactivePlates VALUES ('IQ511VC', '2023-08-10', '7946935', '2023-08-22');
INSERT INTO Plates VALUES ('IQ511VC', '2023-08-10', '7946935', FALSE);
INSERT INTO Revisions (plateNumber, revisionDate, outcome, motivation) VALUES ('IQ511VC', '2023-08-14', 'negative', 'Scoperte problematiche di sicurezza');
INSERT INTO Vehicle VALUES ('1394125', 'Crossover', 'Audi', '2023-04-01');
INSERT INTO ActivePlates VALUES ('GX185KT', '2023-05-30', '1394125');
INSERT INTO Plates VALUES ('GX185KT', '2023-05-30', '1394125', TRUE);
INSERT INTO Revisions (plateNumber, revisionDate, outcome, motivation) VALUES ('GX185KT', '2024-05-19', 'positive', NULL);
INSERT INTO InactivePlates VALUES ('DP929FA', '2023-04-17', '1394125', '2023-05-19');
INSERT INTO Plates VALUES ('DP929FA', '2023-04-17', '1394125', FALSE);
INSERT INTO Revisions (plateNumber, revisionDate, outcome, motivation) VALUES ('DP929FA', '2023-05-19', 'positive', NULL);
INSERT INTO Vehicle VALUES ('2683429', 'Coupe', 'Jeep', '2023-05-31');
INSERT INTO ActivePlates VALUES ('MU170IN', '2023-09-09', '2683429');
INSERT INTO Plates VALUES ('MU170IN', '2023-09-09', '2683429', TRUE);
INSERT INTO Revisions (plateNumber, revisionDate, outcome, motivation) VALUES ('MU170IN', '2023-11-17', 'positive', NULL);
INSERT INTO InactivePlates VALUES ('VX026YQ', '2023-08-02', '2683429', '2023-08-23');
INSERT INTO Plates VALUES ('VX026YQ', '2023-08-02', '2683429', FALSE);
INSERT INTO InactivePlates VALUES ('UI148HH', '2023-06-27', '2683429', '2023-07-10');
INSERT INTO Plates VALUES ('UI148HH', '2023-06-27', '2683429', FALSE);
INSERT INTO Vehicle VALUES ('2837984', 'Sports Car', 'Kia', '2023-05-13');
INSERT INTO Vehicle VALUES ('3567007', 'Crossover', 'Audi', '2023-05-20');
INSERT INTO Vehicle VALUES ('9556831', 'Convertible', 'Audi', '2022-08-10');
INSERT INTO Vehicle VALUES ('0042737', 'Sedan', 'Nissan', '2022-09-23');
INSERT INTO InactivePlates VALUES ('FC942JL', '2022-10-07', '0042737', '2022-12-28');
INSERT INTO Plates VALUES ('FC942JL', '2022-10-07', '0042737', FALSE);
INSERT INTO Revisions (plateNumber, revisionDate, outcome, motivation) VALUES ('FC942JL', '2022-11-16', 'positive', NULL);
INSERT INTO Vehicle VALUES ('5851451', 'SUV', 'Ferrari', '2023-06-26');
INSERT INTO ActivePlates VALUES ('ZA111BP', '2023-07-12', '5851451');
INSERT INTO Plates VALUES ('ZA111BP', '2023-07-12', '5851451', TRUE);
INSERT INTO Revisions (plateNumber, revisionDate, outcome, motivation) VALUES ('ZA111BP', '2023-10-27', 'negative', 'Modifiche illegali apportate al veicolo');
INSERT INTO Vehicle VALUES ('5901219', 'Crossover', 'Audi', '2023-03-10');
INSERT INTO ActivePlates VALUES ('AX049LV', '2023-06-07', '5901219');
INSERT INTO Plates VALUES ('AX049LV', '2023-06-07', '5901219', TRUE);
INSERT INTO InactivePlates VALUES ('BA821DR', '2023-05-05', '5901219', '2023-05-29');
INSERT INTO Plates VALUES ('BA821DR', '2023-05-05', '5901219', FALSE);
INSERT INTO Revisions (plateNumber, revisionDate, outcome, motivation) VALUES ('BA821DR', '2023-05-14', 'negative', 'Veicolo considerato non sicuro');
INSERT INTO Revisions (plateNumber, revisionDate, outcome, motivation) VALUES ('BA821DR', '2023-05-16', 'negative', 'Falsificazione o contraffazione di documenti');
INSERT INTO InactivePlates VALUES ('TL664PI', '2023-03-26', '5901219', '2023-04-12');
INSERT INTO Plates VALUES ('TL664PI', '2023-03-26', '5901219', FALSE);
INSERT INTO Revisions (plateNumber, revisionDate, outcome, motivation) VALUES ('TL664PI', '2023-04-12', 'negative', 'Veicolo considerato non sicuro');
INSERT INTO Revisions (plateNumber, revisionDate, outcome, motivation) VALUES ('TL664PI', '2023-03-29', 'negative', 'Registrazione scaduta');
INSERT INTO Vehicle VALUES ('7649941', 'Sedan', 'Kia', '2023-01-12');
INSERT INTO ActivePlates VALUES ('PP536GL', '2023-02-01', '7649941');
INSERT INTO Plates VALUES ('PP536GL', '2023-02-01', '7649941', TRUE);
INSERT INTO Vehicle VALUES ('1249961', 'Sedan', 'Volvo', '2022-12-20');
INSERT INTO Vehicle VALUES ('9297444', 'Sports Car', 'Nissan', '2023-01-02');
INSERT INTO InactivePlates VALUES ('GY654KP', '2023-02-01', '9297444', '2023-08-04');
INSERT INTO Plates VALUES ('GY654KP', '2023-02-01', '9297444', FALSE);
INSERT INTO Revisions (plateNumber, revisionDate, outcome, motivation) VALUES ('GY654KP', '2023-06-06', 'negative', 'Non conformità alle normative');
INSERT INTO Vehicle VALUES ('7197427', 'Sports Car', 'Mazda', '2023-02-21');
INSERT INTO ActivePlates VALUES ('RB324MI', '2023-06-10', '7197427');
INSERT INTO Plates VALUES ('RB324MI', '2023-06-10', '7197427', TRUE);
INSERT INTO InactivePlates VALUES ('GD277TI', '2023-04-29', '7197427', '2023-05-09');
INSERT INTO Plates VALUES ('GD277TI', '2023-04-29', '7197427', FALSE);
INSERT INTO InactivePlates VALUES ('LU061AH', '2023-03-22', '7197427', '2023-04-25');
INSERT INTO Plates VALUES ('LU061AH', '2023-03-22', '7197427', FALSE);
INSERT INTO Revisions (plateNumber, revisionDate, outcome, motivation) VALUES ('LU061AH', '2023-04-13', 'negative', 'Registrazione fraudolenta');
INSERT INTO Revisions (plateNumber, revisionDate, outcome, motivation) VALUES ('LU061AH', '2023-04-17', 'negative', 'Modifiche improprie apportate al veicolo');
INSERT INTO Vehicle VALUES ('6118670', 'Crossover', 'Honda', '2023-05-18');
INSERT INTO Vehicle VALUES ('3230603', 'Sedan', 'Ford', '2022-10-23');
INSERT INTO ActivePlates VALUES ('QM215CB', '2023-02-05', '3230603');
INSERT INTO Plates VALUES ('QM215CB', '2023-02-05', '3230603', TRUE);
INSERT INTO InactivePlates VALUES ('RZ794JN', '2022-12-28', '3230603', '2023-01-21');
INSERT INTO Plates VALUES ('RZ794JN', '2022-12-28', '3230603', FALSE);
INSERT INTO InactivePlates VALUES ('NN086GX', '2022-11-10', '3230603', '2022-12-19');
INSERT INTO Plates VALUES ('NN086GX', '2022-11-10', '3230603', FALSE);
INSERT INTO Vehicle VALUES ('6392459', 'Sedan', 'Toyota', '2023-01-25');
INSERT INTO ActivePlates VALUES ('HA975BO', '2023-02-17', '6392459');
INSERT INTO Plates VALUES ('HA975BO', '2023-02-17', '6392459', TRUE);
INSERT INTO Vehicle VALUES ('3554670', 'Truck', 'Mercedes-Benz', '2023-03-02');
INSERT INTO Vehicle VALUES ('5442987', 'Crossover', 'Ferrari', '2023-04-19');
INSERT INTO ActivePlates VALUES ('QY172WR', '2023-08-09', '5442987');
INSERT INTO Plates VALUES ('QY172WR', '2023-08-09', '5442987', TRUE);
INSERT INTO Revisions (plateNumber, revisionDate, outcome, motivation) VALUES ('QY172WR', '2024-07-16', 'positive', NULL);
INSERT INTO InactivePlates VALUES ('HI702MV', '2023-06-27', '5442987', '2023-07-10');
INSERT INTO Plates VALUES ('HI702MV', '2023-06-27', '5442987', FALSE);
INSERT INTO Revisions (plateNumber, revisionDate, outcome, motivation) VALUES ('HI702MV', '2023-07-06', 'positive', NULL);
INSERT INTO Revisions (plateNumber, revisionDate, outcome, motivation) VALUES ('HI702MV', '2023-06-30', 'positive', NULL);
INSERT INTO InactivePlates VALUES ('CL015QQ', '2023-05-15', '5442987', '2023-05-24');
INSERT INTO Plates VALUES ('CL015QQ', '2023-05-15', '5442987', FALSE);
INSERT INTO Vehicle VALUES ('2958440', 'Sports Car', 'Porsche', '2023-01-13');
INSERT INTO InactivePlates VALUES ('YD915UD', '2023-02-06', '2958440', '2024-03-28');
INSERT INTO Plates VALUES ('YD915UD', '2023-02-06', '2958440', FALSE);
INSERT INTO Revisions (plateNumber, revisionDate, outcome, motivation) VALUES ('YD915UD', '2023-02-26', 'positive', NULL);
INSERT INTO Vehicle VALUES ('8329288', 'Sedan', 'Hyundai', '2023-05-29');
INSERT INTO Vehicle VALUES ('0927144', 'SUV', 'Chevrolet', '2023-03-19');
INSERT INTO InactivePlates VALUES ('FP895JU', '2023-07-20', '0927144', '2024-02-17');
INSERT INTO Plates VALUES ('FP895JU', '2023-07-20', '0927144', FALSE);
INSERT INTO Revisions (plateNumber, revisionDate, outcome, motivation) VALUES ('FP895JU', '2024-02-06', 'positive', NULL);
INSERT INTO InactivePlates VALUES ('MK239EX', '2023-06-06', '0927144', '2023-07-04');
INSERT INTO Plates VALUES ('MK239EX', '2023-06-06', '0927144', FALSE);
INSERT INTO Revisions (plateNumber, revisionDate, outcome, motivation) VALUES ('MK239EX', '2023-06-09', 'positive', NULL);
INSERT INTO InactivePlates VALUES ('FJ157MI', '2023-04-17', '0927144', '2023-05-10');
INSERT INTO Plates VALUES ('FJ157MI', '2023-04-17', '0927144', FALSE);
INSERT INTO Revisions (plateNumber, revisionDate, outcome, motivation) VALUES ('FJ157MI', '2023-05-08', 'positive', NULL);
INSERT INTO Vehicle VALUES ('7599361', 'Hatchback', 'Hyundai', '2023-04-12');
INSERT INTO Vehicle VALUES ('3162509', 'Sports Car', 'Mazda', '2022-08-08');
INSERT INTO InactivePlates VALUES ('WG036BY', '2022-11-20', '3162509', '2022-12-25');
INSERT INTO Plates VALUES ('WG036BY', '2022-11-20', '3162509', FALSE);
INSERT INTO Revisions (plateNumber, revisionDate, outcome, motivation) VALUES ('WG036BY', '2022-12-02', 'positive', NULL);
INSERT INTO InactivePlates VALUES ('SV979VB', '2022-10-13', '3162509', '2022-11-19');
INSERT INTO Plates VALUES ('SV979VB', '2022-10-13', '3162509', FALSE);
INSERT INTO Revisions (plateNumber, revisionDate, outcome, motivation) VALUES ('SV979VB', '2022-11-08', 'positive', NULL);
INSERT INTO InactivePlates VALUES ('MH062YV', '2022-08-26', '3162509', '2022-10-06');
INSERT INTO Plates VALUES ('MH062YV', '2022-08-26', '3162509', FALSE);
INSERT INTO Revisions (plateNumber, revisionDate, outcome, motivation) VALUES ('MH062YV', '2022-08-29', 'positive', NULL);
INSERT INTO Vehicle VALUES ('9401836', 'Sedan', 'Volvo', '2023-03-20');
INSERT INTO ActivePlates VALUES ('OH169VM', '2023-05-15', '9401836');
INSERT INTO Plates VALUES ('OH169VM', '2023-05-15', '9401836', TRUE);
INSERT INTO Revisions (plateNumber, revisionDate, outcome, motivation) VALUES ('OH169VM', '2024-01-16', 'negative', 'Violazione delle normative ambientali');
INSERT INTO InactivePlates VALUES ('JO650CO', '2023-04-02', '9401836', '2023-05-08');
INSERT INTO Plates VALUES ('JO650CO', '2023-04-02', '9401836', FALSE);
INSERT INTO Vehicle VALUES ('0349112', 'Minivan', 'BMW', '2023-05-25');
INSERT INTO Vehicle VALUES ('9768296', 'Truck', 'Mazda', '2022-10-10');
INSERT INTO ActivePlates VALUES ('VP290LM', '2022-12-09', '9768296');
INSERT INTO Plates VALUES ('VP290LM', '2022-12-09', '9768296', TRUE);
INSERT INTO Revisions (plateNumber, revisionDate, outcome, motivation) VALUES ('VP290LM', '2023-07-23', 'positive', NULL);
INSERT INTO InactivePlates VALUES ('ZV382OQ', '2022-11-05', '9768296', '2022-11-23');
INSERT INTO Plates VALUES ('ZV382OQ', '2022-11-05', '9768296', FALSE);
INSERT INTO Vehicle VALUES ('9772436', 'SUV', 'Volkswagen', '2023-05-09');
INSERT INTO Vehicle VALUES ('6571601', 'Coupe', 'Kia', '2023-03-03');
INSERT INTO InactivePlates VALUES ('IZ833WJ', '2023-03-31', '6571601', '2023-12-25');
INSERT INTO Plates VALUES ('IZ833WJ', '2023-03-31', '6571601', FALSE);
INSERT INTO Revisions (plateNumber, revisionDate, outcome, motivation) VALUES ('IZ833WJ', '2023-05-24', 'positive', NULL);
INSERT INTO Vehicle VALUES ('9539556', 'Hatchback', 'Lexus', '2023-01-30');
INSERT INTO ActivePlates VALUES ('DO222CG', '2023-04-07', '9539556');
INSERT INTO Plates VALUES ('DO222CG', '2023-04-07', '9539556', TRUE);
INSERT INTO InactivePlates VALUES ('TM637AS', '2023-02-22', '9539556', '2023-03-05');
INSERT INTO Plates VALUES ('TM637AS', '2023-02-22', '9539556', FALSE);
INSERT INTO Revisions (plateNumber, revisionDate, outcome, motivation) VALUES ('TM637AS', '2023-02-24', 'positive', NULL);
INSERT INTO Vehicle VALUES ('2849942', 'SUV', 'Tesla', '2023-06-01');
INSERT INTO ActivePlates VALUES ('PR751QS', '2023-07-17', '2849942');
INSERT INTO Plates VALUES ('PR751QS', '2023-07-17', '2849942', TRUE);
INSERT INTO Revisions (plateNumber, revisionDate, outcome, motivation) VALUES ('PR751QS', '2024-04-22', 'negative', 'Falsificazione o contraffazione di documenti');
INSERT INTO InactivePlates VALUES ('BZ565QU', '2023-06-13', '2849942', '2023-06-30');
INSERT INTO Plates VALUES ('BZ565QU', '2023-06-13', '2849942', FALSE);
INSERT INTO Revisions (plateNumber, revisionDate, outcome, motivation) VALUES ('BZ565QU', '2023-06-30', 'negative', 'Mancato pagamento di multe o tasse');
INSERT INTO Vehicle VALUES ('5360668', 'Sports Car', 'Hyundai', '2023-05-16');
INSERT INTO ActivePlates VALUES ('GV909SA', '2023-07-09', '5360668');
INSERT INTO Plates VALUES ('GV909SA', '2023-07-09', '5360668', TRUE);
INSERT INTO Revisions (plateNumber, revisionDate, outcome, motivation) VALUES ('GV909SA', '2024-04-27', 'negative', 'Violazione delle leggi sul traffico');
INSERT INTO InactivePlates VALUES ('HO201FR', '2023-06-07', '5360668', '2023-06-19');
INSERT INTO Plates VALUES ('HO201FR', '2023-06-07', '5360668', FALSE);
INSERT INTO Vehicle VALUES ('7518613', 'Coupe', 'Mazda', '2023-01-21');
INSERT INTO InactivePlates VALUES ('XR985YB', '2023-02-05', '7518613', '2023-06-03');
INSERT INTO Plates VALUES ('XR985YB', '2023-02-05', '7518613', FALSE);
INSERT INTO Revisions (plateNumber, revisionDate, outcome, motivation) VALUES ('XR985YB', '2023-05-17', 'negative', 'Scoperte problematiche di sicurezza');
INSERT INTO Vehicle VALUES ('0390305', 'Sports Car', 'Subaru', '2022-11-17');
INSERT INTO InactivePlates VALUES ('CL917BG', '2023-01-17', '0390305', '2023-07-31');
INSERT INTO Plates VALUES ('CL917BG', '2023-01-17', '0390305', FALSE);
INSERT INTO Revisions (plateNumber, revisionDate, outcome, motivation) VALUES ('CL917BG', '2023-05-10', 'negative', 'Mancato pagamento di imposte');
INSERT INTO InactivePlates VALUES ('MK398EO', '2022-12-10', '0390305', '2023-01-09');
INSERT INTO Plates VALUES ('MK398EO', '2022-12-10', '0390305', FALSE);
INSERT INTO Revisions (plateNumber, revisionDate, outcome, motivation) VALUES ('MK398EO', '2023-01-01', 'negative', 'Registrazione fraudolenta');
INSERT INTO Vehicle VALUES ('3023703', 'Truck', 'Nissan', '2022-12-16');
INSERT INTO InactivePlates VALUES ('ZO028XE', '2023-03-30', '3023703', '2023-12-07');
INSERT INTO Plates VALUES ('ZO028XE', '2023-03-30', '3023703', FALSE);
INSERT INTO Revisions (plateNumber, revisionDate, outcome, motivation) VALUES ('ZO028XE', '2023-06-27', 'negative', 'Mancato pagamento di imposte');
INSERT INTO InactivePlates VALUES ('WT751NX', '2023-02-09', '3023703', '2023-03-11');
INSERT INTO Plates VALUES ('WT751NX', '2023-02-09', '3023703', FALSE);
INSERT INTO Revisions (plateNumber, revisionDate, outcome, motivation) VALUES ('WT751NX', '2023-02-10', 'negative', 'Violazione delle normative ambientali');
INSERT INTO InactivePlates VALUES ('TL701AY', '2023-01-04', '3023703', '2023-01-28');
INSERT INTO Plates VALUES ('TL701AY', '2023-01-04', '3023703', FALSE);
INSERT INTO Revisions (plateNumber, revisionDate, outcome, motivation) VALUES ('TL701AY', '2023-01-18', 'negative', 'Targa persa o rubata');
INSERT INTO Vehicle VALUES ('1467997', 'SUV', 'Porsche', '2022-12-09');
INSERT INTO InactivePlates VALUES ('TM995PC', '2023-04-01', '1467997', '2024-04-17');
INSERT INTO Plates VALUES ('TM995PC', '2023-04-01', '1467997', FALSE);
INSERT INTO Revisions (plateNumber, revisionDate, outcome, motivation) VALUES ('TM995PC', '2023-10-27', 'negative', 'Non conformità alle normative');
INSERT INTO InactivePlates VALUES ('HA337SS', '2023-02-12', '1467997', '2023-02-20');
INSERT INTO Plates VALUES ('HA337SS', '2023-02-12', '1467997', FALSE);
INSERT INTO Revisions (plateNumber, revisionDate, outcome, motivation) VALUES ('HA337SS', '2023-02-17', 'negative', 'Targa danneggiata o manomessa');
INSERT INTO InactivePlates VALUES ('IE084BH', '2022-12-29', '1467997', '2023-02-11');
INSERT INTO Plates VALUES ('IE084BH', '2022-12-29', '1467997', FALSE);
INSERT INTO Revisions (plateNumber, revisionDate, outcome, motivation) VALUES ('IE084BH', '2023-01-11', 'negative', 'Registrazione scaduta');
INSERT INTO Vehicle VALUES ('6877147', 'Coupe', 'Honda', '2023-07-16');
INSERT INTO Vehicle VALUES ('1184438', 'Convertible', 'Jaguar', '2022-12-11');
INSERT INTO ActivePlates VALUES ('KS853RM', '2022-12-30', '1184438');
INSERT INTO Plates VALUES ('KS853RM', '2022-12-30', '1184438', TRUE);
INSERT INTO Revisions (plateNumber, revisionDate, outcome, motivation) VALUES ('KS853RM', '2023-10-13', 'negative', 'Registrazione fraudolenta');
INSERT INTO Revisions (plateNumber, revisionDate, outcome, motivation) VALUES ('KS853RM', '2024-04-08', 'negative', 'Registrazione scaduta');
INSERT INTO Vehicle VALUES ('5895258', 'Coupe', 'Lexus', '2023-03-27');
INSERT INTO ActivePlates VALUES ('WJ509RT', '2023-07-10', '5895258');
INSERT INTO Plates VALUES ('WJ509RT', '2023-07-10', '5895258', TRUE);
INSERT INTO Revisions (plateNumber, revisionDate, outcome, motivation) VALUES ('WJ509RT', '2023-12-10', 'negative', 'Veicolo coinvolto in incidente');
INSERT INTO Revisions (plateNumber, revisionDate, outcome, motivation) VALUES ('WJ509RT', '2023-10-09', 'negative', 'Violazione delle leggi sul traffico');
INSERT INTO InactivePlates VALUES ('EN730TD', '2023-05-22', '5895258', '2023-06-09');
INSERT INTO Plates VALUES ('EN730TD', '2023-05-22', '5895258', FALSE);
INSERT INTO Revisions (plateNumber, revisionDate, outcome, motivation) VALUES ('EN730TD', '2023-05-26', 'negative', 'Mancato pagamento di imposte');
INSERT INTO Revisions (plateNumber, revisionDate, outcome, motivation) VALUES ('EN730TD', '2023-06-08', 'negative', 'Mancato pagamento di imposte');
INSERT INTO Revisions (plateNumber, revisionDate, outcome, motivation) VALUES ('EN730TD', '2023-06-02', 'negative', 'Veicolo considerato non sicuro');
INSERT INTO InactivePlates VALUES ('FL353TT', '2023-04-12', '5895258', '2023-05-01');
INSERT INTO Plates VALUES ('FL353TT', '2023-04-12', '5895258', FALSE);
INSERT INTO Revisions (plateNumber, revisionDate, outcome, motivation) VALUES ('FL353TT', '2023-04-20', 'negative', 'Veicolo non superato il test delle emissioni');
INSERT INTO Revisions (plateNumber, revisionDate, outcome, motivation) VALUES ('FL353TT', '2023-04-25', 'negative', 'Scoperte problematiche di sicurezza');
INSERT INTO Revisions (plateNumber, revisionDate, outcome, motivation) VALUES ('FL353TT', '2023-04-29', 'negative', 'Falsificazione o contraffazione di documenti');
INSERT INTO Vehicle VALUES ('5433728', 'Minivan', 'Ford', '2023-03-13');
INSERT INTO Vehicle VALUES ('9766365', 'Convertible', 'Lexus', '2023-06-23');
INSERT INTO ActivePlates VALUES ('EU994OT', '2023-10-22', '9766365');
INSERT INTO Plates VALUES ('EU994OT', '2023-10-22', '9766365', TRUE);
INSERT INTO Revisions (plateNumber, revisionDate, outcome, motivation) VALUES ('EU994OT', '2024-02-28', 'negative', 'Documentazione errata presentata');
INSERT INTO Revisions (plateNumber, revisionDate, outcome, motivation) VALUES ('EU994OT', '2024-04-28', 'positive', NULL);
INSERT INTO InactivePlates VALUES ('LV204OF', '2023-09-11', '9766365', '2023-09-24');
INSERT INTO Plates VALUES ('LV204OF', '2023-09-11', '9766365', FALSE);
INSERT INTO InactivePlates VALUES ('UG670KC', '2023-07-23', '9766365', '2023-09-07');
INSERT INTO Plates VALUES ('UG670KC', '2023-07-23', '9766365', FALSE);
INSERT INTO Revisions (plateNumber, revisionDate, outcome, motivation) VALUES ('UG670KC', '2023-08-04', 'positive', NULL);
INSERT INTO Vehicle VALUES ('7840739', 'Sedan', 'Kia', '2022-09-12');
INSERT INTO InactivePlates VALUES ('ZB620JI', '2022-12-16', '7840739', '2024-07-02');
INSERT INTO Plates VALUES ('ZB620JI', '2022-12-16', '7840739', FALSE);
INSERT INTO Revisions (plateNumber, revisionDate, outcome, motivation) VALUES ('ZB620JI', '2023-06-28', 'positive', NULL);
INSERT INTO InactivePlates VALUES ('CB206QL', '2022-11-09', '7840739', '2022-12-06');
INSERT INTO Plates VALUES ('CB206QL', '2022-11-09', '7840739', FALSE);
INSERT INTO Revisions (plateNumber, revisionDate, outcome, motivation) VALUES ('CB206QL', '2022-11-27', 'positive', NULL);
INSERT INTO InactivePlates VALUES ('DW216SE', '2022-09-30', '7840739', '2022-10-23');
INSERT INTO Plates VALUES ('DW216SE', '2022-09-30', '7840739', FALSE);
INSERT INTO Revisions (plateNumber, revisionDate, outcome, motivation) VALUES ('DW216SE', '2022-10-14', 'positive', NULL);
INSERT INTO Vehicle VALUES ('6868014', 'Minivan', 'Nissan', '2022-10-18');
INSERT INTO ActivePlates VALUES ('QR400EU', '2023-02-01', '6868014');
INSERT INTO Plates VALUES ('QR400EU', '2023-02-01', '6868014', TRUE);
INSERT INTO Revisions (plateNumber, revisionDate, outcome, motivation) VALUES ('QR400EU', '2023-09-06', 'negative', 'Falsificazione o contraffazione di documenti');
INSERT INTO Revisions (plateNumber, revisionDate, outcome, motivation) VALUES ('QR400EU', '2024-04-25', 'negative', 'Veicolo non superato il test delle emissioni');
INSERT INTO InactivePlates VALUES ('HQ006TE', '2022-12-20', '6868014', '2023-01-09');
INSERT INTO Plates VALUES ('HQ006TE', '2022-12-20', '6868014', FALSE);
INSERT INTO Revisions (plateNumber, revisionDate, outcome, motivation) VALUES ('HQ006TE', '2022-12-21', 'negative', 'Violazione delle leggi sul traffico');
INSERT INTO InactivePlates VALUES ('NT791UL', '2022-11-16', '6868014', '2022-12-14');
INSERT INTO Plates VALUES ('NT791UL', '2022-11-16', '6868014', FALSE);
INSERT INTO Vehicle VALUES ('7276136', 'Crossover', 'Audi', '2023-06-18');
INSERT INTO ActivePlates VALUES ('TC248WS', '2023-10-01', '7276136');
INSERT INTO Plates VALUES ('TC248WS', '2023-10-01', '7276136', TRUE);
INSERT INTO InactivePlates VALUES ('EB743GL', '2023-08-25', '7276136', '2023-09-05');
INSERT INTO Plates VALUES ('EB743GL', '2023-08-25', '7276136', FALSE);
INSERT INTO Revisions (plateNumber, revisionDate, outcome, motivation) VALUES ('EB743GL', '2023-08-27', 'negative', 'Non conformità alle normative');
INSERT INTO InactivePlates VALUES ('LS694ZN', '2023-07-13', '7276136', '2023-08-13');
INSERT INTO Plates VALUES ('LS694ZN', '2023-07-13', '7276136', FALSE);
INSERT INTO Revisions (plateNumber, revisionDate, outcome, motivation) VALUES ('LS694ZN', '2023-07-16', 'negative', 'Veicolo coinvolto in incidente');
INSERT INTO Vehicle VALUES ('7275372', 'Convertible', 'Volvo', '2023-01-10');
INSERT INTO ActivePlates VALUES ('ER295VX', '2023-03-06', '7275372');
INSERT INTO Plates VALUES ('ER295VX', '2023-03-06', '7275372', TRUE);
INSERT INTO Revisions (plateNumber, revisionDate, outcome, motivation) VALUES ('ER295VX', '2023-10-09', 'negative', 'Veicolo coinvolto in incidente');
INSERT INTO Revisions (plateNumber, revisionDate, outcome, motivation) VALUES ('ER295VX', '2024-06-24', 'negative', 'Veicolo coinvolto in incidente');
INSERT INTO InactivePlates VALUES ('JV228SL', '2023-01-29', '7275372', '2023-02-13');
INSERT INTO Plates VALUES ('JV228SL', '2023-01-29', '7275372', FALSE);
INSERT INTO Vehicle VALUES ('9306204', 'Hatchback', 'Kia', '2023-03-29');
INSERT INTO ActivePlates VALUES ('WA099VJ', '2023-07-17', '9306204');
INSERT INTO Plates VALUES ('WA099VJ', '2023-07-17', '9306204', TRUE);
INSERT INTO InactivePlates VALUES ('UD958DP', '2023-05-30', '9306204', '2023-06-25');
INSERT INTO Plates VALUES ('UD958DP', '2023-05-30', '9306204', FALSE);
INSERT INTO InactivePlates VALUES ('VM488UA', '2023-04-12', '9306204', '2023-04-27');
INSERT INTO Plates VALUES ('VM488UA', '2023-04-12', '9306204', FALSE);
INSERT INTO Vehicle VALUES ('4429287', 'Sports Car', 'Nissan', '2022-12-15');
INSERT INTO Vehicle VALUES ('9548458', 'Sports Car', 'Chevrolet', '2023-01-27');
INSERT INTO Vehicle VALUES ('3646577', 'SUV', 'Jeep', '2022-12-25');
INSERT INTO ActivePlates VALUES ('OO346BW', '2023-01-08', '3646577');
INSERT INTO Plates VALUES ('OO346BW', '2023-01-08', '3646577', TRUE);
INSERT INTO Vehicle VALUES ('8143403', 'Crossover', 'BMW', '2022-08-21');
INSERT INTO ActivePlates VALUES ('DJ732KN', '2022-09-20', '8143403');
INSERT INTO Plates VALUES ('DJ732KN', '2022-09-20', '8143403', TRUE);
INSERT INTO Vehicle VALUES ('4501309', 'Convertible', 'Tesla', '2023-05-21');
INSERT INTO Vehicle VALUES ('9018347', 'Coupe', 'Mercedes-Benz', '2022-12-12');
INSERT INTO ActivePlates VALUES ('VB997OL', '2022-12-31', '9018347');
INSERT INTO Plates VALUES ('VB997OL', '2022-12-31', '9018347', TRUE);
INSERT INTO Vehicle VALUES ('3845521', 'Hatchback', 'Subaru', '2022-10-12');
INSERT INTO InactivePlates VALUES ('TV350PW', '2022-12-10', '3845521', '2024-04-01');
INSERT INTO Plates VALUES ('TV350PW', '2022-12-10', '3845521', FALSE);
INSERT INTO Revisions (plateNumber, revisionDate, outcome, motivation) VALUES ('TV350PW', '2023-09-25', 'negative', 'Falsificazione o contraffazione di documenti');
INSERT INTO InactivePlates VALUES ('VV757YN', '2022-10-25', '3845521', '2022-11-29');
INSERT INTO Plates VALUES ('VV757YN', '2022-10-25', '3845521', FALSE);
INSERT INTO Revisions (plateNumber, revisionDate, outcome, motivation) VALUES ('VV757YN', '2022-10-29', 'negative', 'Registrazione fraudolenta');
INSERT INTO Vehicle VALUES ('4620134', 'Truck', 'Jaguar', '2023-01-28');
INSERT INTO InactivePlates VALUES ('XM226PK', '2023-02-20', '4620134', '2023-07-29');
INSERT INTO Plates VALUES ('XM226PK', '2023-02-20', '4620134', FALSE);
INSERT INTO Revisions (plateNumber, revisionDate, outcome, motivation) VALUES ('XM226PK', '2023-03-11', 'negative', 'Falsificazione o contraffazione di documenti');
INSERT INTO Vehicle VALUES ('9059841', 'Convertible', 'Volvo', '2023-03-04');
INSERT INTO Vehicle VALUES ('3152724', 'Sports Car', 'Toyota', '2023-01-19');
INSERT INTO ActivePlates VALUES ('KQ722NJ', '2023-02-10', '3152724');
INSERT INTO Plates VALUES ('KQ722NJ', '2023-02-10', '3152724', TRUE);
INSERT INTO Vehicle VALUES ('4970912', 'Truck', 'Lexus', '2022-09-12');
INSERT INTO Vehicle VALUES ('3460239', 'Truck', 'Kia', '2023-04-05');
INSERT INTO InactivePlates VALUES ('BG388HF', '2023-07-18', '3460239', '2024-06-20');
INSERT INTO Plates VALUES ('BG388HF', '2023-07-18', '3460239', FALSE);
INSERT INTO Revisions (plateNumber, revisionDate, outcome, motivation) VALUES ('BG388HF', '2023-11-14', 'negative', 'Veicolo coinvolto in incidente');
INSERT INTO InactivePlates VALUES ('DP551XK', '2023-06-16', '3460239', '2023-06-27');
INSERT INTO Plates VALUES ('DP551XK', '2023-06-16', '3460239', FALSE);
INSERT INTO Revisions (plateNumber, revisionDate, outcome, motivation) VALUES ('DP551XK', '2023-06-18', 'negative', 'Targa danneggiata o manomessa');
INSERT INTO InactivePlates VALUES ('GA876XD', '2023-04-28', '3460239', '2023-05-23');
INSERT INTO Plates VALUES ('GA876XD', '2023-04-28', '3460239', FALSE);
INSERT INTO Revisions (plateNumber, revisionDate, outcome, motivation) VALUES ('GA876XD', '2023-05-16', 'negative', 'Modifiche illegali apportate al veicolo');
INSERT INTO Vehicle VALUES ('0935971', 'Truck', 'Jeep', '2022-12-29');
INSERT INTO InactivePlates VALUES ('RM650KM', '2023-02-28', '0935971', '2024-01-01');
INSERT INTO Plates VALUES ('RM650KM', '2023-02-28', '0935971', FALSE);
INSERT INTO Revisions (plateNumber, revisionDate, outcome, motivation) VALUES ('RM650KM', '2023-03-19', 'negative', 'Targa danneggiata o manomessa');
INSERT INTO InactivePlates VALUES ('DC951UG', '2023-01-16', '0935971', '2023-02-20');
INSERT INTO Plates VALUES ('DC951UG', '2023-01-16', '0935971', FALSE);
INSERT INTO Revisions (plateNumber, revisionDate, outcome, motivation) VALUES ('DC951UG', '2023-01-31', 'negative', 'Targa danneggiata o manomessa');
INSERT INTO Vehicle VALUES ('1572281', 'Sedan', 'Jaguar', '2023-06-02');
INSERT INTO InactivePlates VALUES ('MK569ZE', '2023-07-27', '1572281', '2023-08-06');
INSERT INTO Plates VALUES ('MK569ZE', '2023-07-27', '1572281', FALSE);
INSERT INTO Revisions (plateNumber, revisionDate, outcome, motivation) VALUES ('MK569ZE', '2023-08-04', 'negative', 'Modifiche illegali apportate al veicolo');
INSERT INTO InactivePlates VALUES ('HY160AK', '2023-06-17', '1572281', '2023-06-25');
INSERT INTO Plates VALUES ('HY160AK', '2023-06-17', '1572281', FALSE);
INSERT INTO Revisions (plateNumber, revisionDate, outcome, motivation) VALUES ('HY160AK', '2023-06-19', 'negative', 'Mancato pagamento di multe o tasse');
INSERT INTO Vehicle VALUES ('8240370', 'Sports Car', 'Nissan', '2022-08-04');
INSERT INTO ActivePlates VALUES ('SN371FS', '2022-08-16', '8240370');
INSERT INTO Plates VALUES ('SN371FS', '2022-08-16', '8240370', TRUE);
INSERT INTO Revisions (plateNumber, revisionDate, outcome, motivation) VALUES ('SN371FS', '2024-02-10', 'negative', 'Veicolo considerato non sicuro');
INSERT INTO Revisions (plateNumber, revisionDate, outcome, motivation) VALUES ('SN371FS', '2023-11-23', 'negative', 'Targa persa o rubata');
INSERT INTO Vehicle VALUES ('3668238', 'Crossover', 'Nissan', '2023-05-31');
INSERT INTO ActivePlates VALUES ('HU003UY', '2023-06-16', '3668238');
INSERT INTO Plates VALUES ('HU003UY', '2023-06-16', '3668238', TRUE);
INSERT INTO Revisions (plateNumber, revisionDate, outcome, motivation) VALUES ('HU003UY', '2024-05-17', 'negative', 'Mancato pagamento di multe o tasse');
INSERT INTO Revisions (plateNumber, revisionDate, outcome, motivation) VALUES ('HU003UY', '2023-09-08', 'positive', NULL);
INSERT INTO Vehicle VALUES ('9218442', 'Truck', 'Ford', '2023-02-01');
INSERT INTO Vehicle VALUES ('0312071', 'Sedan', 'Audi', '2023-03-14');
INSERT INTO ActivePlates VALUES ('TQ386GK', '2023-05-08', '0312071');
INSERT INTO Plates VALUES ('TQ386GK', '2023-05-08', '0312071', TRUE);
INSERT INTO Revisions (plateNumber, revisionDate, outcome, motivation) VALUES ('TQ386GK', '2024-06-09', 'positive', NULL);
INSERT INTO Revisions (plateNumber, revisionDate, outcome, motivation) VALUES ('TQ386GK', '2024-07-08', 'negative', 'Modifiche illegali apportate al veicolo');
INSERT INTO InactivePlates VALUES ('NA605SP', '2023-04-07', '0312071', '2023-04-27');
INSERT INTO Plates VALUES ('NA605SP', '2023-04-07', '0312071', FALSE);
INSERT INTO Vehicle VALUES ('8442047', 'Truck', 'BMW', '2022-12-28');
INSERT INTO ActivePlates VALUES ('QH896GY', '2023-01-09', '8442047');
INSERT INTO Plates VALUES ('QH896GY', '2023-01-09', '8442047', TRUE);
INSERT INTO Revisions (plateNumber, revisionDate, outcome, motivation) VALUES ('QH896GY', '2023-03-28', 'positive', NULL);
INSERT INTO Vehicle VALUES ('2566904', 'Crossover', 'Honda', '2023-06-12');
INSERT INTO ActivePlates VALUES ('XM696LQ', '2023-09-11', '2566904');
INSERT INTO Plates VALUES ('XM696LQ', '2023-09-11', '2566904', TRUE);
INSERT INTO InactivePlates VALUES ('TZ208ZS', '2023-07-30', '2566904', '2023-09-09');
INSERT INTO Plates VALUES ('TZ208ZS', '2023-07-30', '2566904', FALSE);
INSERT INTO Revisions (plateNumber, revisionDate, outcome, motivation) VALUES ('TZ208ZS', '2023-09-09', 'positive', NULL);
INSERT INTO InactivePlates VALUES ('HU847MH', '2023-06-26', '2566904', '2023-07-14');
INSERT INTO Plates VALUES ('HU847MH', '2023-06-26', '2566904', FALSE);
INSERT INTO Vehicle VALUES ('7981979', 'Convertible', 'Lexus', '2022-08-23');
INSERT INTO Vehicle VALUES ('8682751', 'SUV', 'Tesla', '2022-09-06');
INSERT INTO ActivePlates VALUES ('GM635BP', '2022-12-14', '8682751');
INSERT INTO Plates VALUES ('GM635BP', '2022-12-14', '8682751', TRUE);
INSERT INTO Revisions (plateNumber, revisionDate, outcome, motivation) VALUES ('GM635BP', '2024-06-27', 'positive', NULL);
INSERT INTO InactivePlates VALUES ('MX826YA', '2022-11-10', '8682751', '2022-11-21');
INSERT INTO Plates VALUES ('MX826YA', '2022-11-10', '8682751', FALSE);
INSERT INTO InactivePlates VALUES ('HP410NA', '2022-09-28', '8682751', '2022-10-25');
INSERT INTO Plates VALUES ('HP410NA', '2022-09-28', '8682751', FALSE);
INSERT INTO Revisions (plateNumber, revisionDate, outcome, motivation) VALUES ('HP410NA', '2022-10-19', 'positive', NULL);
INSERT INTO Vehicle VALUES ('1424014', 'Minivan', 'Porsche', '2023-02-28');
INSERT INTO Vehicle VALUES ('0376347', 'Coupe', 'Jaguar', '2023-04-24');
INSERT INTO ActivePlates VALUES ('GL369YR', '2023-07-30', '0376347');
INSERT INTO Plates VALUES ('GL369YR', '2023-07-30', '0376347', TRUE);
INSERT INTO InactivePlates VALUES ('OT715RP', '2023-06-22', '0376347', '2023-07-26');
INSERT INTO Plates VALUES ('OT715RP', '2023-06-22', '0376347', FALSE);
INSERT INTO InactivePlates VALUES ('YR613WS', '2023-05-17', '0376347', '2023-05-31');
INSERT INTO Plates VALUES ('YR613WS', '2023-05-17', '0376347', FALSE);
INSERT INTO Vehicle VALUES ('7455750', 'Coupe', 'Honda', '2022-11-28');
INSERT INTO Vehicle VALUES ('8600634', 'Crossover', 'Subaru', '2023-01-06');
INSERT INTO Vehicle VALUES ('2308584', 'Minivan', 'Porsche', '2023-02-01');
INSERT INTO ActivePlates VALUES ('KY051UZ', '2023-05-21', '2308584');
INSERT INTO Plates VALUES ('KY051UZ', '2023-05-21', '2308584', TRUE);
INSERT INTO Revisions (plateNumber, revisionDate, outcome, motivation) VALUES ('KY051UZ', '2024-02-18', 'positive', NULL);
INSERT INTO InactivePlates VALUES ('QC577AY', '2023-04-07', '2308584', '2023-04-14');
INSERT INTO Plates VALUES ('QC577AY', '2023-04-07', '2308584', FALSE);
INSERT INTO Revisions (plateNumber, revisionDate, outcome, motivation) VALUES ('QC577AY', '2023-04-08', 'positive', NULL);
INSERT INTO InactivePlates VALUES ('VQ204OV', '2023-02-25', '2308584', '2023-03-26');
INSERT INTO Plates VALUES ('VQ204OV', '2023-02-25', '2308584', FALSE);
INSERT INTO Revisions (plateNumber, revisionDate, outcome, motivation) VALUES ('VQ204OV', '2023-02-27', 'positive', NULL);
INSERT INTO Vehicle VALUES ('6511940', 'Crossover', 'Hyundai', '2023-05-19');
INSERT INTO InactivePlates VALUES ('JA700AK', '2023-06-12', '6511940', '2023-07-31');
INSERT INTO Plates VALUES ('JA700AK', '2023-06-12', '6511940', FALSE);
INSERT INTO Revisions (plateNumber, revisionDate, outcome, motivation) VALUES ('JA700AK', '2023-06-23', 'positive', NULL);
INSERT INTO Vehicle VALUES ('9501034', 'SUV', 'Kia', '2023-06-03');
INSERT INTO ActivePlates VALUES ('YM097XV', '2023-09-20', '9501034');
INSERT INTO Plates VALUES ('YM097XV', '2023-09-20', '9501034', TRUE);
INSERT INTO Revisions (plateNumber, revisionDate, outcome, motivation) VALUES ('YM097XV', '2024-04-17', 'positive', NULL);
INSERT INTO Revisions (plateNumber, revisionDate, outcome, motivation) VALUES ('YM097XV', '2024-06-26', 'positive', NULL);
INSERT INTO InactivePlates VALUES ('TW646UR', '2023-08-02', '9501034', '2023-08-14');
INSERT INTO Plates VALUES ('TW646UR', '2023-08-02', '9501034', FALSE);
INSERT INTO Revisions (plateNumber, revisionDate, outcome, motivation) VALUES ('TW646UR', '2023-08-14', 'positive', NULL);
INSERT INTO InactivePlates VALUES ('ZQ570VT', '2023-07-01', '9501034', '2023-07-20');
INSERT INTO Plates VALUES ('ZQ570VT', '2023-07-01', '9501034', FALSE);
INSERT INTO Revisions (plateNumber, revisionDate, outcome, motivation) VALUES ('ZQ570VT', '2023-07-19', 'positive', NULL);
INSERT INTO Revisions (plateNumber, revisionDate, outcome, motivation) VALUES ('ZQ570VT', '2023-07-17', 'positive', NULL);
INSERT INTO Vehicle VALUES ('9635622', 'Coupe', 'Nissan', '2023-03-30');
INSERT INTO InactivePlates VALUES ('BJ640QL', '2023-06-04', '9635622', '2023-12-18');
INSERT INTO Plates VALUES ('BJ640QL', '2023-06-04', '9635622', FALSE);
INSERT INTO Revisions (plateNumber, revisionDate, outcome, motivation) VALUES ('BJ640QL', '2023-09-12', 'positive', NULL);
INSERT INTO InactivePlates VALUES ('GJ831ZG', '2023-04-23', '9635622', '2023-05-03');
INSERT INTO Plates VALUES ('GJ831ZG', '2023-04-23', '9635622', FALSE);
INSERT INTO Revisions (plateNumber, revisionDate, outcome, motivation) VALUES ('GJ831ZG', '2023-04-25', 'positive', NULL);
INSERT INTO Vehicle VALUES ('9875705', 'Sports Car', 'Ford', '2022-10-14');
INSERT INTO ActivePlates VALUES ('DZ820EA', '2022-10-29', '9875705');
INSERT INTO Plates VALUES ('DZ820EA', '2022-10-29', '9875705', TRUE);
INSERT INTO Vehicle VALUES ('5884294', 'Coupe', 'BMW', '2022-11-22');
INSERT INTO ActivePlates VALUES ('JV857BH', '2022-12-20', '5884294');
INSERT INTO Plates VALUES ('JV857BH', '2022-12-20', '5884294', TRUE);
INSERT INTO Vehicle VALUES ('1317257', 'Crossover', 'Hyundai', '2022-08-14');
INSERT INTO Vehicle VALUES ('6038931', 'Minivan', 'Lexus', '2023-02-09');
INSERT INTO InactivePlates VALUES ('EU888ZY', '2023-03-03', '6038931', '2023-03-21');
INSERT INTO Plates VALUES ('EU888ZY', '2023-03-03', '6038931', FALSE);
INSERT INTO Revisions (plateNumber, revisionDate, outcome, motivation) VALUES ('EU888ZY', '2023-03-09', 'positive', NULL);
INSERT INTO Vehicle VALUES ('4475025', 'SUV', 'Honda', '2023-06-14');
INSERT INTO InactivePlates VALUES ('VL720XP', '2023-10-08', '4475025', '2023-11-17');
INSERT INTO Plates VALUES ('VL720XP', '2023-10-08', '4475025', FALSE);
INSERT INTO Revisions (plateNumber, revisionDate, outcome, motivation) VALUES ('VL720XP', '2023-10-20', 'positive', NULL);
INSERT INTO InactivePlates VALUES ('OX368VR', '2023-08-22', '4475025', '2023-09-26');
INSERT INTO Plates VALUES ('OX368VR', '2023-08-22', '4475025', FALSE);
INSERT INTO Revisions (plateNumber, revisionDate, outcome, motivation) VALUES ('OX368VR', '2023-09-03', 'positive', NULL);
INSERT INTO InactivePlates VALUES ('HA077LI', '2023-07-11', '4475025', '2023-08-11');
INSERT INTO Plates VALUES ('HA077LI', '2023-07-11', '4475025', FALSE);
INSERT INTO Revisions (plateNumber, revisionDate, outcome, motivation) VALUES ('HA077LI', '2023-07-19', 'positive', NULL);
INSERT INTO Vehicle VALUES ('5587564', 'Convertible', 'Kia', '2022-10-27');
INSERT INTO Vehicle VALUES ('9086457', 'Minivan', 'Volvo', '2023-07-10');
INSERT INTO InactivePlates VALUES ('ZX045QQ', '2023-07-26', '9086457', '2024-07-02');
INSERT INTO Plates VALUES ('ZX045QQ', '2023-07-26', '9086457', FALSE);
INSERT INTO Revisions (plateNumber, revisionDate, outcome, motivation) VALUES ('ZX045QQ', '2024-06-10', 'positive', NULL);
INSERT INTO Vehicle VALUES ('7435890', 'Convertible', 'Ferrari', '2022-10-29');
INSERT INTO InactivePlates VALUES ('UA761FZ', '2023-01-10', '7435890', '2024-01-23');
INSERT INTO Plates VALUES ('UA761FZ', '2023-01-10', '7435890', FALSE);
INSERT INTO Revisions (plateNumber, revisionDate, outcome, motivation) VALUES ('UA761FZ', '2023-04-26', 'positive', NULL);
INSERT INTO InactivePlates VALUES ('EH634QS', '2022-11-23', '7435890', '2022-12-27');
INSERT INTO Plates VALUES ('EH634QS', '2022-11-23', '7435890', FALSE);
INSERT INTO Revisions (plateNumber, revisionDate, outcome, motivation) VALUES ('EH634QS', '2022-12-24', 'positive', NULL);
INSERT INTO Vehicle VALUES ('9233618', 'Minivan', 'Hyundai', '2023-01-24');
INSERT INTO Vehicle VALUES ('3960663', 'SUV', 'Ferrari', '2023-06-25');
INSERT INTO Vehicle VALUES ('1888754', 'SUV', 'Chevrolet', '2022-08-19');
INSERT INTO InactivePlates VALUES ('ZA818ZC', '2022-12-11', '1888754', '2023-12-02');
INSERT INTO Plates VALUES ('ZA818ZC', '2022-12-11', '1888754', FALSE);
INSERT INTO Revisions (plateNumber, revisionDate, outcome, motivation) VALUES ('ZA818ZC', '2023-10-05', 'positive', NULL);
INSERT INTO InactivePlates VALUES ('JU363FR', '2022-10-28', '1888754', '2022-11-06');
INSERT INTO Plates VALUES ('JU363FR', '2022-10-28', '1888754', FALSE);
INSERT INTO Revisions (plateNumber, revisionDate, outcome, motivation) VALUES ('JU363FR', '2022-10-29', 'positive', NULL);
INSERT INTO InactivePlates VALUES ('MZ153IB', '2022-09-16', '1888754', '2022-09-27');
INSERT INTO Plates VALUES ('MZ153IB', '2022-09-16', '1888754', FALSE);
INSERT INTO Revisions (plateNumber, revisionDate, outcome, motivation) VALUES ('MZ153IB', '2022-09-22', 'positive', NULL);
INSERT INTO Vehicle VALUES ('0696137', 'Crossover', 'Chevrolet', '2022-10-10');
INSERT INTO ActivePlates VALUES ('HR064CA', '2022-10-24', '0696137');
INSERT INTO Plates VALUES ('HR064CA', '2022-10-24', '0696137', TRUE);
INSERT INTO Vehicle VALUES ('6515242', 'Hatchback', 'Tesla', '2022-11-07');
INSERT INTO ActivePlates VALUES ('YD586FQ', '2023-02-10', '6515242');
INSERT INTO Plates VALUES ('YD586FQ', '2023-02-10', '6515242', TRUE);
INSERT INTO Revisions (plateNumber, revisionDate, outcome, motivation) VALUES ('YD586FQ', '2023-12-28', 'positive', NULL);
INSERT INTO InactivePlates VALUES ('RG621IT', '2022-12-22', '6515242', '2023-01-18');
INSERT INTO Plates VALUES ('RG621IT', '2022-12-22', '6515242', FALSE);
INSERT INTO InactivePlates VALUES ('FT585KY', '2022-11-22', '6515242', '2022-12-02');
INSERT INTO Plates VALUES ('FT585KY', '2022-11-22', '6515242', FALSE);
INSERT INTO Revisions (plateNumber, revisionDate, outcome, motivation) VALUES ('FT585KY', '2022-11-26', 'positive', NULL);
INSERT INTO Revisions (plateNumber, revisionDate, outcome, motivation) VALUES ('FT585KY', '2022-11-26', 'positive', NULL);
INSERT INTO Revisions (plateNumber, revisionDate, outcome, motivation) VALUES ('FT585KY', '2022-12-02', 'positive', NULL);
INSERT INTO Vehicle VALUES ('4244018', 'Crossover', 'Ferrari', '2022-11-04');
INSERT INTO InactivePlates VALUES ('AV444ZE', '2023-01-16', '4244018', '2024-07-21');
INSERT INTO Plates VALUES ('AV444ZE', '2023-01-16', '4244018', FALSE);
INSERT INTO Revisions (plateNumber, revisionDate, outcome, motivation) VALUES ('AV444ZE', '2024-03-21', 'positive', NULL);
INSERT INTO InactivePlates VALUES ('VB789FW', '2022-12-03', '4244018', '2022-12-08');
INSERT INTO Plates VALUES ('VB789FW', '2022-12-03', '4244018', FALSE);
INSERT INTO Revisions (plateNumber, revisionDate, outcome, motivation) VALUES ('VB789FW', '2022-12-07', 'positive', NULL);
INSERT INTO Vehicle VALUES ('6696123', 'Truck', 'Jaguar', '2023-06-27');
INSERT INTO Vehicle VALUES ('9411559', 'Sedan', 'Ferrari', '2022-08-15');
INSERT INTO ActivePlates VALUES ('UD704EJ', '2022-09-10', '9411559');
INSERT INTO Plates VALUES ('UD704EJ', '2022-09-10', '9411559', TRUE);
